,,,, ,,,, ,,,, ,,,, ,,,, ,,,, ,,,, ,,,, ,,,, ,,,, ,,,, ,,,, ,,,, ,,,, ,,,, ,,,, ,,,, ,,,, ,,,, ,,,, ,,,, ,,,, ,,,, ,,,, ,,,,
,,,, E d m o n d , , S u m n e r ,,,, I N D ,,,, 0 8 / 1 8 / 2 0 2 0 ,,,, I N D , , v s . , , M I A ,,,, L ,,,, 2 7 ,,,, 6 ,,,, 2 ,,,, 4 ,,,, 5 0 . 0 ,,,, 0 ,,,, 1 ,,,, 0 . 0 ,,,, 2 ,,,, 2 ,,,, 1 0 0 . 0 ,,,, 1 ,,,, 5 ,,,, 6 ,,,, 0 ,,,, 0 ,,,, 0 ,,,, 1 ,,,, 3 ,,,, - 6
,,,, G e o r g e , , H i l l ,,,, M I L ,,,, 0 8 / 1 8 / 2 0 2 0 ,,,, M I L , , v s . , , O R L ,,,, L ,,,, 2 7 ,,,, 1 6 ,,,, 5 ,,,, 9 ,,,, 5 5 . 6 ,,,, 2 ,,,, 4 ,,,, 5 0 . 0 ,,,, 4 ,,,, 5 ,,,, 8 0 . 0 ,,,, 0 ,,,, 2 ,,,, 2 ,,,, 5 ,,,, 1 ,,,, 0 ,,,, 1 ,,,, 1 ,,,, - 1 1
,,,, V i c t o r , , O l a d i p o ,,,, I N D ,,,, 0 8 / 1 8 / 2 0 2 0 ,,,, I N D , , v s . , , M I A ,,,, L ,,,, 9 ,,,, 4 ,,,, 0 ,,,, 2 ,,,, 0 . 0 ,,,, 0 ,,,, 1 ,,,, 0 . 0 ,,,, 4 ,,,, 4 ,,,, 1 0 0 . 0 ,,,, 0 ,,,, 0 ,,,, 0 ,,,, 0 ,,,, 1 ,,,, 0 ,,,, 1 ,,,, 1 ,,,, 2
,,,, G o r a n , , D r a g i c ,,,, M I A ,,,, 0 8 / 1 8 / 2 0 2 0 ,,,, M I A , , @ , , I N D ,,,, W ,,,, 3 4 ,,,, 2 4 ,,,, 9 ,,,, 1 9 ,,,, 4 7 . 4 ,,,, 4 ,,,, 9 ,,,, 4 4 . 4 ,,,, 2 ,,,, 2 ,,,, 1 0 0 . 0 ,,,, 2 ,,,, 4 ,,,, 6 ,,,, 5 ,,,, 1 ,,,, 0 ,,,, 1 ,,,, 2 ,,,, 2 0
,,,, T . J . , , W a r r e n ,,,, I N D ,,,, 0 8 / 1 8 / 2 0 2 0 ,,,, I N D , , v s . , , M I A ,,,, L ,,,, 3 8 ,,,, 2 2 ,,,, 9 ,,,, 1 8 ,,,, 5 0 . 0 ,,,, 4 ,,,, 5 ,,,, 8 0 . 0 ,,,, 0 ,,,, 0 ,,,, - ,,,, 2 ,,,, 6 ,,,, 8 ,,,, 3 ,,,, 4 ,,,, 0 ,,,, 2 ,,,, 4 ,,,, - 1 3
,,,, E v a n , , F o u r n i e r ,,,, O R L ,,,, 0 8 / 1 8 / 2 0 2 0 ,,,, O R L , , @ , , M I L ,,,, W ,,,, 3 6 ,,,, 9 ,,,, 3 ,,,, 8 ,,,, 3 7 . 5 ,,,, 3 ,,,, 7 ,,,, 4 2 . 9 ,,,, 0 ,,,, 0 ,,,, - ,,,, 0 ,,,, 3 ,,,, 3 ,,,, 5 ,,,, 0 ,,,, 0 ,,,, 3 ,,,, 4 ,,,, 9
,,,, J u s t i n , , H o l i d a y ,,,, I N D ,,,, 0 8 / 1 8 / 2 0 2 0 ,,,, I N D , , v s . , , M I A ,,,, L ,,,, 3 2 ,,,, 1 1 ,,,, 4 ,,,, 4 ,,,, 1 0 0 . 0 ,,,, 3 ,,,, 3 ,,,, 1 0 0 . 0 ,,,, 0 ,,,, 0 ,,,, - ,,,, 1 ,,,, 2 ,,,, 3 ,,,, 0 ,,,, 0 ,,,, 1 ,,,, 2 ,,,, 4 ,,,, 1
,,,, B r o o k , , L o p e z ,,,, M I L ,,,, 0 8 / 1 8 / 2 0 2 0 ,,,, M I L , , v s . , , O R L ,,,, L ,,,, 3 0 ,,,, 5 ,,,, 2 ,,,, 9 ,,,, 2 2 . 2 ,,,, 0 ,,,, 4 ,,,, 0 . 0 ,,,, 1 ,,,, 2 ,,,, 5 0 . 0 ,,,, 2 ,,,, 2 ,,,, 4 ,,,, 1 ,,,, 1 ,,,, 1 ,,,, 1 ,,,, 2 ,,,, - 1 1
,,,, D . J . , , A u g u s t i n ,,,, O R L ,,,, 0 8 / 1 8 / 2 0 2 0 ,,,, O R L , , @ , , M I L ,,,, W ,,,, 2 3 ,,,, 1 1 ,,,, 3 ,,,, 1 1 ,,,, 2 7 . 3 ,,,, 1 ,,,, 4 ,,,, 2 5 . 0 ,,,, 4 ,,,, 4 ,,,, 1 0 0 . 0 ,,,, 0 ,,,, 3 ,,,, 3 ,,,, 1 1 ,,,, 1 ,,,, 0 ,,,, 2 ,,,, 0 ,,,, 4
,,,, M i c h a e l , , F r a z i e r ,,,, H O U ,,,, 0 8 / 1 8 / 2 0 2 0 ,,,, H O U , , v s . , , O K C ,,,, W ,,,, 2 ,,,, 0 ,,,, 0 ,,,, 0 ,,,, - ,,,, 0 ,,,, 0 ,,,, - ,,,, 0 ,,,, 0 ,,,, - ,,,, 0 ,,,, 0 ,,,, 0 ,,,, 0 ,,,, 0 ,,,, 0 ,,,, 0 ,,,, 0 ,,,, - 2
,,,, T e r r e n c e , , R o s s ,,,, O R L ,,,, 0 8 / 1 8 / 2 0 2 0 ,,,, O R L , , @ , , M I L ,,,, W ,,,, 2 8 ,,,, 1 8 ,,,, 7 ,,,, 1 3 ,,,, 5 3 . 8 ,,,, 0 ,,,, 3 ,,,, 0 . 0 ,,,, 4 ,,,, 4 ,,,, 1 0 0 . 0 ,,,, 0 ,,,, 6 ,,,, 6 ,,,, 1 ,,,, 1 ,,,, 0 ,,,, 1 ,,,, 5 ,,,, 1 9
,,,, N e r l e n s , , N o e l ,,,, O K C ,,,, 0 8 / 1 8 / 2 0 2 0 ,,,, O K C , , @ , , H O U ,,,, L ,,,, 8 ,,,, 2 ,,,, 1 ,,,, 3 ,,,, 3 3 . 3 ,,,, 0 ,,,, 0 ,,,, - ,,,, 0 ,,,, 0 ,,,, - ,,,, 1 ,,,, 0 ,,,, 1 ,,,, 0 ,,,, 0 ,,,, 1 ,,,, 0 ,,,, 4 ,,,, - 1 1
,,,, K h e m , , B i r c h ,,,, O R L ,,,, 0 8 / 1 8 / 2 0 2 0 ,,,, O R L , , @ , , M I L ,,,, W ,,,, 1 4 ,,,, 4 ,,,, 1 ,,,, 2 ,,,, 5 0 . 0 ,,,, 0 ,,,, 0 ,,,, - ,,,, 2 ,,,, 2 ,,,, 1 0 0 . 0 ,,,, 1 ,,,, 2 ,,,, 3 ,,,, 0 ,,,, 0 ,,,, 0 ,,,, 0 ,,,, 3 ,,,, 5
,,,, T y l e r , , H e r r o ,,,, M I A ,,,, 0 8 / 1 8 / 2 0 2 0 ,,,, M I A , , @ , , I N D ,,,, W ,,,, 3 4 ,,,, 1 5 ,,,, 5 ,,,, 9 ,,,, 5 5 . 6 ,,,, 1 ,,,, 5 ,,,, 2 0 . 0 ,,,, 4 ,,,, 4 ,,,, 1 0 0 . 0 ,,,, 0 ,,,, 3 ,,,, 3 ,,,, 4 ,,,, 1 ,,,, 0 ,,,, 2 ,,,, 2 ,,,, 6
,,,, D a r i u s , , B a z l e y ,,,, O K C ,,,, 0 8 / 1 8 / 2 0 2 0 ,,,, O K C , , @ , , H O U ,,,, L ,,,, 1 7 ,,,, 9 ,,,, 3 ,,,, 5 ,,,, 6 0 . 0 ,,,, 3 ,,,, 4 ,,,, 7 5 . 0 ,,,, 0 ,,,, 0 ,,,, - ,,,, 0 ,,,, 9 ,,,, 9 ,,,, 1 ,,,, 0 ,,,, 0 ,,,, 2 ,,,, 1 ,,,, - 4
,,,, W e s , , I w u n d u ,,,, O R L ,,,, 0 8 / 1 8 / 2 0 2 0 ,,,, O R L , , @ , , M I L ,,,, W ,,,, 1 2 ,,,, 4 ,,,, 2 ,,,, 3 ,,,, 6 6 . 7 ,,,, 0 ,,,, 0 ,,,, - ,,,, 0 ,,,, 1 ,,,, 0 . 0 ,,,, 0 ,,,, 3 ,,,, 3 ,,,, 0 ,,,, 0 ,,,, 0 ,,,, 1 ,,,, 2 ,,,, 3
,,,, D e o n t e , , B u r t o n ,,,, O K C ,,,, 0 8 / 1 8 / 2 0 2 0 ,,,, O K C , , @ , , H O U ,,,, L ,,,, 2 ,,,, 0 ,,,, 0 ,,,, 0 ,,,, - ,,,, 0 ,,,, 0 ,,,, - ,,,, 0 ,,,, 0 ,,,, - ,,,, 0 ,,,, 0 ,,,, 0 ,,,, 0 ,,,, 0 ,,,, 0 ,,,, 0 ,,,, 0 ,,,, 2
,,,, J i m m y , , B u t l e r ,,,, M I A ,,,, 0 8 / 1 8 / 2 0 2 0 ,,,, M I A , , @ , , I N D ,,,, W ,,,, 3 7 ,,,, 2 8 ,,,, 8 ,,,, 1 5 ,,,, 5 3 . 3 ,,,, 2 ,,,, 2 ,,,, 1 0 0 . 0 ,,,, 1 0 ,,,, 1 2 ,,,, 8 3 . 3 ,,,, 0 ,,,, 3 ,,,, 3 ,,,, 4 ,,,, 4 ,,,, 2 ,,,, 4 ,,,, 3 ,,,, 1 3
,,,, L e B r o n , , J a m e s ,,,, L A L ,,,, 0 8 / 1 8 / 2 0 2 0 ,,,, L A L , , v s . , , P O R ,,,, L ,,,, 4 1 ,,,, 2 3 ,,,, 9 ,,,, 2 0 ,,,, 4 5 . 0 ,,,, 1 ,,,, 5 ,,,, 2 0 . 0 ,,,, 4 ,,,, 7 ,,,, 5 7 . 1 ,,,, 2 ,,,, 1 5 ,,,, 1 7 ,,,, 1 6 ,,,, 1 ,,,, 0 ,,,, 4 ,,,, 1 ,,,, - 3
,,,, J a m e s , , E n n i s , , I I I ,,,, O R L ,,,, 0 8 / 1 8 / 2 0 2 0 ,,,, O R L , , @ , , M I L ,,,, W ,,,, 3 1 ,,,, 1 1 ,,,, 3 ,,,, 5 ,,,, 6 0 . 0 ,,,, 2 ,,,, 3 ,,,, 6 6 . 7 ,,,, 3 ,,,, 3 ,,,, 1 0 0 . 0 ,,,, 0 ,,,, 8 ,,,, 8 ,,,, 2 ,,,, 2 ,,,, 1 ,,,, 0 ,,,, 4 ,,,, 1 2
,,,, E r i c , , G o r d o n ,,,, H O U ,,,, 0 8 / 1 8 / 2 0 2 0 ,,,, H O U , , v s . , , O K C ,,,, W ,,,, 3 0 ,,,, 2 1 ,,,, 7 ,,,, 1 7 ,,,, 4 1 . 2 ,,,, 2 ,,,, 6 ,,,, 3 3 . 3 ,,,, 5 ,,,, 5 ,,,, 1 0 0 . 0 ,,,, 0 ,,,, 3 ,,,, 3 ,,,, 4 ,,,, 0 ,,,, 0 ,,,, 2 ,,,, 3 ,,,, - 5
,,,, M a l c o l m , , B r o g d o n ,,,, I N D ,,,, 0 8 / 1 8 / 2 0 2 0 ,,,, I N D , , v s . , , M I A ,,,, L ,,,, 3 9 ,,,, 2 2 ,,,, 6 ,,,, 1 8 ,,,, 3 3 . 3 ,,,, 1 ,,,, 6 ,,,, 1 6 . 7 ,,,, 9 ,,,, 1 0 ,,,, 9 0 . 0 ,,,, 0 ,,,, 1 ,,,, 1 ,,,, 1 0 ,,,, 1 ,,,, 0 ,,,, 3 ,,,, 1 ,,,, - 9
,,,, J a e , , C r o w d e r ,,,, M I A ,,,, 0 8 / 1 8 / 2 0 2 0 ,,,, M I A , , @ , , I N D ,,,, W ,,,, 2 5 ,,,, 8 ,,,, 3 ,,,, 6 ,,,, 5 0 . 0 ,,,, 2 ,,,, 5 ,,,, 4 0 . 0 ,,,, 0 ,,,, 0 ,,,, - ,,,, 0 ,,,, 5 ,,,, 5 ,,,, 0 ,,,, 0 ,,,, 0 ,,,, 1 ,,,, 1 ,,,, 0
,,,, J a K a r r , , S a m p s o n ,,,, I N D ,,,, 0 8 / 1 8 / 2 0 2 0 ,,,, I N D , , v s . , , M I A ,,,, L ,,,, 1 7 ,,,, 1 0 ,,,, 5 ,,,, 6 ,,,, 8 3 . 3 ,,,, 0 ,,,, 0 ,,,, - ,,,, 0 ,,,, 0 ,,,, - ,,,, 0 ,,,, 3 ,,,, 3 ,,,, 1 ,,,, 1 ,,,, 0 ,,,, 1 ,,,, 1 ,,,, 5
,,,, D a n u e l , , H o u s e , , J r . ,,,, H O U ,,,, 0 8 / 1 8 / 2 0 2 0 ,,,, H O U , , v s . , , O K C ,,,, W ,,,, 2 9 ,,,, 9 ,,,, 4 ,,,, 8 ,,,, 5 0 . 0 ,,,, 1 ,,,, 4 ,,,, 2 5 . 0 ,,,, 0 ,,,, 0 ,,,, - ,,,, 0 ,,,, 1 ,,,, 1 ,,,, 5 ,,,, 0 ,,,, 0 ,,,, 0 ,,,, 4 ,,,, 5
,,,, S t e v e n , , A d a m s ,,,, O K C ,,,, 0 8 / 1 8 / 2 0 2 0 ,,,, O K C , , @ , , H O U ,,,, L ,,,, 2 8 ,,,, 1 7 ,,,, 7 ,,,, 1 3 ,,,, 5 3 . 8 ,,,, 0 ,,,, 1 ,,,, 0 . 0 ,,,, 3 ,,,, 6 ,,,, 5 0 . 0 ,,,, 4 ,,,, 8 ,,,, 1 2 ,,,, 2 ,,,, 0 ,,,, 0 ,,,, 1 ,,,, 2 ,,,, - 3
,,,, M y l e s , , T u r n e r ,,,, I N D ,,,, 0 8 / 1 8 / 2 0 2 0 ,,,, I N D , , v s . , , M I A ,,,, L ,,,, 3 3 ,,,, 9 ,,,, 4 ,,,, 1 1 ,,,, 3 6 . 4 ,,,, 0 ,,,, 3 ,,,, 0 . 0 ,,,, 1 ,,,, 2 ,,,, 5 0 . 0 ,,,, 2 ,,,, 7 ,,,, 9 ,,,, 2 ,,,, 0 ,,,, 3 ,,,, 2 ,,,, 3 ,,,, - 1 9
,,,, G a r y , , T r e n t , , J r . ,,,, P O R ,,,, 0 8 / 1 8 / 2 0 2 0 ,,,, P O R , , @ , , L A L ,,,, W ,,,, 3 1 ,,,, 5 ,,,, 2 ,,,, 8 ,,,, 2 5 . 0 ,,,, 1 ,,,, 4 ,,,, 2 5 . 0 ,,,, 0 ,,,, 0 ,,,, - ,,,, 0 ,,,, 2 ,,,, 2 ,,,, 0 ,,,, 0 ,,,, 0 ,,,, 1 ,,,, 3 ,,,, - 9
,,,, M a r i o , , H e z o n j a ,,,, P O R ,,,, 0 8 / 1 8 / 2 0 2 0 ,,,, P O R , , @ , , L A L ,,,, W ,,,, 1 2 ,,,, 2 ,,,, 0 ,,,, 2 ,,,, 0 . 0 ,,,, 0 ,,,, 2 ,,,, 0 . 0 ,,,, 2 ,,,, 2 ,,,, 1 0 0 . 0 ,,,, 0 ,,,, 2 ,,,, 2 ,,,, 2 ,,,, 1 ,,,, 0 ,,,, 0 ,,,, 1 ,,,, - 1 2
,,,, D i o n , , W a i t e r s ,,,, L A L ,,,, 0 8 / 1 8 / 2 0 2 0 ,,,, L A L , , v s . , , P O R ,,,, L ,,,, 1 ,,,, 0 ,,,, 0 ,,,, 0 ,,,, - ,,,, 0 ,,,, 0 ,,,, - ,,,, 0 ,,,, 0 ,,,, - ,,,, 0 ,,,, 0 ,,,, 0 ,,,, 0 ,,,, 0 ,,,, 0 ,,,, 0 ,,,, 0 ,,,, - 1
,,,, C a r m e l o , , A n t h o n y ,,,, P O R ,,,, 0 8 / 1 8 / 2 0 2 0 ,,,, P O R , , @ , , L A L ,,,, W ,,,, 3 8 ,,,, 1 1 ,,,, 3 ,,,, 1 1 ,,,, 2 7 . 3 ,,,, 2 ,,,, 5 ,,,, 4 0 . 0 ,,,, 3 ,,,, 4 ,,,, 7 5 . 0 ,,,, 0 ,,,, 1 0 ,,,, 1 0 ,,,, 5 ,,,, 1 ,,,, 1 ,,,, 2 ,,,, 5 ,,,, - 2
,,,, H a m i d o u , , D i a l l o ,,,, O K C ,,,, 0 8 / 1 8 / 2 0 2 0 ,,,, O K C , , @ , , H O U ,,,, L ,,,, 1 5 ,,,, 7 ,,,, 2 ,,,, 6 ,,,, 3 3 . 3 ,,,, 1 ,,,, 4 ,,,, 2 5 . 0 ,,,, 2 ,,,, 2 ,,,, 1 0 0 . 0 ,,,, 1 ,,,, 2 ,,,, 3 ,,,, 1 ,,,, 0 ,,,, 0 ,,,, 1 ,,,, 0 ,,,, - 6
,,,, A n d r e , , I g u o d a l a ,,,, M I A ,,,, 0 8 / 1 8 / 2 0 2 0 ,,,, M I A , , @ , , I N D ,,,, W ,,,, 2 5 ,,,, 4 ,,,, 2 ,,,, 3 ,,,, 6 6 . 7 ,,,, 0 ,,,, 1 ,,,, 0 . 0 ,,,, 0 ,,,, 0 ,,,, - ,,,, 0 ,,,, 1 ,,,, 1 ,,,, 0 ,,,, 0 ,,,, 2 ,,,, 0 ,,,, 3 ,,,, 3
,,,, D e M a r r e , , C a r r o l l ,,,, H O U ,,,, 0 8 / 1 8 / 2 0 2 0 ,,,, H O U , , v s . , , O K C ,,,, W ,,,, 2 ,,,, 0 ,,,, 0 ,,,, 1 ,,,, 0 . 0 ,,,, 0 ,,,, 0 ,,,, - ,,,, 0 ,,,, 0 ,,,, - ,,,, 0 ,,,, 0 ,,,, 0 ,,,, 0 ,,,, 0 ,,,, 0 ,,,, 0 ,,,, 1 ,,,, - 2
,,,, M a r v i n , , W i l l i a m s ,,,, M I L ,,,, 0 8 / 1 8 / 2 0 2 0 ,,,, M I L , , v s . , , O R L ,,,, L ,,,, 1 6 ,,,, 6 ,,,, 2 ,,,, 4 ,,,, 5 0 . 0 ,,,, 2 ,,,, 4 ,,,, 5 0 . 0 ,,,, 0 ,,,, 0 ,,,, - ,,,, 0 ,,,, 3 ,,,, 3 ,,,, 1 ,,,, 0 ,,,, 0 ,,,, 2 ,,,, 2 ,,,, - 2
,,,, M a r k i e f f , , M o r r i s ,,,, L A L ,,,, 0 8 / 1 8 / 2 0 2 0 ,,,, L A L , , v s . , , P O R ,,,, L ,,,, 1 9 ,,,, 5 ,,,, 2 ,,,, 2 ,,,, 1 0 0 . 0 ,,,, 1 ,,,, 1 ,,,, 1 0 0 . 0 ,,,, 0 ,,,, 1 ,,,, 0 . 0 ,,,, 0 ,,,, 3 ,,,, 3 ,,,, 0 ,,,, 0 ,,,, 0 ,,,, 0 ,,,, 4 ,,,, 1 2
,,,, D w i g h t , , H o w a r d ,,,, L A L ,,,, 0 8 / 1 8 / 2 0 2 0 ,,,, L A L , , v s . , , P O R ,,,, L ,,,, 1 5 ,,,, 4 ,,,, 2 ,,,, 5 ,,,, 4 0 . 0 ,,,, 0 ,,,, 0 ,,,, - ,,,, 0 ,,,, 0 ,,,, - ,,,, 4 ,,,, 1 ,,,, 5 ,,,, 1 ,,,, 1 ,,,, 0 ,,,, 1 ,,,, 5 ,,,, 7
,,,, K y l e , , K u z m a ,,,, L A L ,,,, 0 8 / 1 8 / 2 0 2 0 ,,,, L A L , , v s . , , P O R ,,,, L ,,,, 3 0 ,,,, 1 4 ,,,, 5 ,,,, 1 4 ,,,, 3 5 . 7 ,,,, 1 ,,,, 5 ,,,, 2 0 . 0 ,,,, 3 ,,,, 4 ,,,, 7 5 . 0 ,,,, 1 ,,,, 7 ,,,, 8 ,,,, 0 ,,,, 0 ,,,, 1 ,,,, 0 ,,,, 2 ,,,, 5
,,,, M a r k e l l e , , F u l t z ,,,, O R L ,,,, 0 8 / 1 8 / 2 0 2 0 ,,,, O R L , , @ , , M I L ,,,, W ,,,, 2 9 ,,,, 1 5 ,,,, 6 ,,,, 1 1 ,,,, 5 4 . 5 ,,,, 1 ,,,, 4 ,,,, 2 5 . 0 ,,,, 2 ,,,, 2 ,,,, 1 0 0 . 0 ,,,, 0 ,,,, 2 ,,,, 2 ,,,, 6 ,,,, 0 ,,,, 1 ,,,, 3 ,,,, 3 ,,,, 1
,,,, A l e x , , C a r u s o ,,,, L A L ,,,, 0 8 / 1 8 / 2 0 2 0 ,,,, L A L , , v s . , , P O R ,,,, L ,,,, 2 9 ,,,, 2 ,,,, 1 ,,,, 6 ,,,, 1 6 . 7 ,,,, 0 ,,,, 3 ,,,, 0 . 0 ,,,, 0 ,,,, 0 ,,,, - ,,,, 0 ,,,, 0 ,,,, 0 ,,,, 3 ,,,, 3 ,,,, 0 ,,,, 2 ,,,, 2 ,,,, 1 2
,,,, A n t h o n y , , D a v i s ,,,, L A L ,,,, 0 8 / 1 8 / 2 0 2 0 ,,,, L A L , , v s . , , P O R ,,,, L ,,,, 3 9 ,,,, 2 8 ,,,, 8 ,,,, 2 4 ,,,, 3 3 . 3 ,,,, 0 ,,,, 5 ,,,, 0 . 0 ,,,, 1 2 ,,,, 1 7 ,,,, 7 0 . 6 ,,,, 6 ,,,, 5 ,,,, 1 1 ,,,, 1 ,,,, 2 ,,,, 2 ,,,, 1 ,,,, 1 ,,,, - 2 0
,,,, R o b i n , , L o p e z ,,,, M I L ,,,, 0 8 / 1 8 / 2 0 2 0 ,,,, M I L , , v s . , , O R L ,,,, L ,,,, 2 ,,,, 2 ,,,, 1 ,,,, 1 ,,,, 1 0 0 . 0 ,,,, 0 ,,,, 0 ,,,, - ,,,, 0 ,,,, 0 ,,,, - ,,,, 0 ,,,, 1 ,,,, 1 ,,,, 0 ,,,, 0 ,,,, 0 ,,,, 0 ,,,, 0 ,,,, - 1
,,,, M i k e , , M u s c a l a ,,,, O K C ,,,, 0 8 / 1 8 / 2 0 2 0 ,,,, O K C , , @ , , H O U ,,,, L ,,,, 1 3 ,,,, 3 ,,,, 1 ,,,, 1 ,,,, 1 0 0 . 0 ,,,, 1 ,,,, 1 ,,,, 1 0 0 . 0 ,,,, 0 ,,,, 0 ,,,, - ,,,, 0 ,,,, 2 ,,,, 2 ,,,, 0 ,,,, 0 ,,,, 0 ,,,, 0 ,,,, 1 ,,,, - 1
,,,, A n d r e , , R o b e r s o n ,,,, O K C ,,,, 0 8 / 1 8 / 2 0 2 0 ,,,, O K C , , @ , , H O U ,,,, L ,,,, 3 ,,,, 0 ,,,, 0 ,,,, 1 ,,,, 0 . 0 ,,,, 0 ,,,, 1 ,,,, 0 . 0 ,,,, 0 ,,,, 0 ,,,, - ,,,, 0 ,,,, 0 ,,,, 0 ,,,, 0 ,,,, 0 ,,,, 0 ,,,, 0 ,,,, 1 ,,,, - 6
,,,, D a n n y , , G r e e n ,,,, L A L ,,,, 0 8 / 1 8 / 2 0 2 0 ,,,, L A L , , v s . , , P O R ,,,, L ,,,, 2 4 ,,,, 1 0 ,,,, 4 ,,,, 1 2 ,,,, 3 3 . 3 ,,,, 2 ,,,, 8 ,,,, 2 5 . 0 ,,,, 0 ,,,, 0 ,,,, - ,,,, 0 ,,,, 2 ,,,, 2 ,,,, 0 ,,,, 1 ,,,, 0 ,,,, 0 ,,,, 5 ,,,, - 2 0
,,,, J a m e s , , H a r d e n ,,,, H O U ,,,, 0 8 / 1 8 / 2 0 2 0 ,,,, H O U , , v s . , , O K C ,,,, W ,,,, 3 4 ,,,, 3 7 ,,,, 1 2 ,,,, 2 2 ,,,, 5 4 . 5 ,,,, 6 ,,,, 1 3 ,,,, 4 6 . 2 ,,,, 7 ,,,, 8 ,,,, 8 7 . 5 ,,,, 2 ,,,, 9 ,,,, 1 1 ,,,, 3 ,,,, 0 ,,,, 0 ,,,, 3 ,,,, 4 ,,,, 1 0
,,,, S h a i , , G i l g e o u s - A l e x a n d e r ,,,, O K C ,,,, 0 8 / 1 8 / 2 0 2 0 ,,,, O K C , , @ , , H O U ,,,, L ,,,, 3 5 ,,,, 9 ,,,, 2 ,,,, 8 ,,,, 2 5 . 0 ,,,, 1 ,,,, 3 ,,,, 3 3 . 3 ,,,, 4 ,,,, 4 ,,,, 1 0 0 . 0 ,,,, 0 ,,,, 4 ,,,, 4 ,,,, 1 ,,,, 0 ,,,, 1 ,,,, 1 ,,,, 2 ,,,, - 3
,,,, J e f f , , G r e e n ,,,, H O U ,,,, 0 8 / 1 8 / 2 0 2 0 ,,,, H O U , , v s . , , O K C ,,,, W ,,,, 3 2 ,,,, 2 2 ,,,, 8 ,,,, 1 2 ,,,, 6 6 . 7 ,,,, 3 ,,,, 7 ,,,, 4 2 . 9 ,,,, 3 ,,,, 4 ,,,, 7 5 . 0 ,,,, 0 ,,,, 6 ,,,, 6 ,,,, 4 ,,,, 1 ,,,, 0 ,,,, 1 ,,,, 3 ,,,, 2 8
,,,, A u s t i n , , R i v e r s ,,,, H O U ,,,, 0 8 / 1 8 / 2 0 2 0 ,,,, H O U , , v s . , , O K C ,,,, W ,,,, 1 9 ,,,, 4 ,,,, 1 ,,,, 5 ,,,, 2 0 . 0 ,,,, 0 ,,,, 2 ,,,, 0 . 0 ,,,, 2 ,,,, 2 ,,,, 1 0 0 . 0 ,,,, 0 ,,,, 4 ,,,, 4 ,,,, 2 ,,,, 0 ,,,, 0 ,,,, 0 ,,,, 1 ,,,, 1 1
,,,, K y l e , , K o r v e r ,,,, M I L ,,,, 0 8 / 1 8 / 2 0 2 0 ,,,, M I L , , v s . , , O R L ,,,, L ,,,, 1 0 ,,,, 6 ,,,, 2 ,,,, 3 ,,,, 6 6 . 7 ,,,, 1 ,,,, 2 ,,,, 5 0 . 0 ,,,, 1 ,,,, 1 ,,,, 1 0 0 . 0 ,,,, 1 ,,,, 0 ,,,, 1 ,,,, 0 ,,,, 0 ,,,, 0 ,,,, 0 ,,,, 1 ,,,, - 6
,,,, W e s l e y , , M a t t h e w s ,,,, M I L ,,,, 0 8 / 1 8 / 2 0 2 0 ,,,, M I L , , v s . , , O R L ,,,, L ,,,, 2 6 ,,,, 1 0 ,,,, 4 ,,,, 6 ,,,, 6 6 . 7 ,,,, 2 ,,,, 4 ,,,, 5 0 . 0 ,,,, 0 ,,,, 0 ,,,, - ,,,, 1 ,,,, 3 ,,,, 4 ,,,, 2 ,,,, 1 ,,,, 0 ,,,, 0 ,,,, 0 ,,,, - 2
,,,, J a V a l e , , M c G e e ,,,, L A L ,,,, 0 8 / 1 8 / 2 0 2 0 ,,,, L A L , , v s . , , P O R ,,,, L ,,,, 1 3 ,,,, 6 ,,,, 3 ,,,, 5 ,,,, 6 0 . 0 ,,,, 0 ,,,, 0 ,,,, - ,,,, 0 ,,,, 0 ,,,, - ,,,, 4 ,,,, 4 ,,,, 8 ,,,, 0 ,,,, 0 ,,,, 1 ,,,, 0 ,,,, 0 ,,,, - 9
,,,, W e n y e n , , G a b r i e l ,,,, P O R ,,,, 0 8 / 1 8 / 2 0 2 0 ,,,, P O R , , @ , , L A L ,,,, W ,,,, 1 6 ,,,, 4 ,,,, 2 ,,,, 2 ,,,, 1 0 0 . 0 ,,,, 0 ,,,, 0 ,,,, - ,,,, 0 ,,,, 0 ,,,, - ,,,, 1 ,,,, 2 ,,,, 3 ,,,, 3 ,,,, 0 ,,,, 1 ,,,, 0 ,,,, 5 ,,,, 1 2
,,,, T e r r a n c e , , F e r g u s o n ,,,, O K C ,,,, 0 8 / 1 8 / 2 0 2 0 ,,,, O K C , , @ , , H O U ,,,, L ,,,, 1 5 ,,,, 6 ,,,, 2 ,,,, 3 ,,,, 6 6 . 7 ,,,, 2 ,,,, 3 ,,,, 6 6 . 7 ,,,, 0 ,,,, 0 ,,,, - ,,,, 0 ,,,, 1 ,,,, 1 ,,,, 1 ,,,, 0 ,,,, 0 ,,,, 0 ,,,, 1 ,,,, - 8
,,,, F r a n k , , M a s o n ,,,, M I L ,,,, 0 8 / 1 8 / 2 0 2 0 ,,,, M I L , , v s . , , O R L ,,,, L ,,,, 0 ,,,, 0 ,,,, 0 ,,,, 0 ,,,, - ,,,, 0 ,,,, 0 ,,,, - ,,,, 0 ,,,, 0 ,,,, - ,,,, 0 ,,,, 0 ,,,, 0 ,,,, 1 ,,,, 0 ,,,, 0 ,,,, 0 ,,,, 0 ,,,, 3
,,,, P a t , , C o n n a u g h t o n ,,,, M I L ,,,, 0 8 / 1 8 / 2 0 2 0 ,,,, M I L , , v s . , , O R L ,,,, L ,,,, 2 2 ,,,, 3 ,,,, 1 ,,,, 4 ,,,, 2 5 . 0 ,,,, 1 ,,,, 4 ,,,, 2 5 . 0 ,,,, 0 ,,,, 0 ,,,, - ,,,, 1 ,,,, 2 ,,,, 3 ,,,, 1 ,,,, 0 ,,,, 0 ,,,, 1 ,,,, 3 ,,,, - 3
,,,, E r i c , , B l e d s o e ,,,, M I L ,,,, 0 8 / 1 8 / 2 0 2 0 ,,,, M I L , , v s . , , O R L ,,,, L ,,,, 2 8 ,,,, 1 5 ,,,, 5 ,,,, 1 1 ,,,, 4 5 . 5 ,,,, 1 ,,,, 5 ,,,, 2 0 . 0 ,,,, 4 ,,,, 5 ,,,, 8 0 . 0 ,,,, 1 ,,,, 1 ,,,, 2 ,,,, 5 ,,,, 1 ,,,, 1 ,,,, 2 ,,,, 1 ,,,, - 8
,,,, D a m i a n , , L i l l a r d ,,,, P O R ,,,, 0 8 / 1 8 / 2 0 2 0 ,,,, P O R , , @ , , L A L ,,,, W ,,,, 4 3 ,,,, 3 4 ,,,, 9 ,,,, 2 1 ,,,, 4 2 . 9 ,,,, 6 ,,,, 1 3 ,,,, 4 6 . 2 ,,,, 1 0 ,,,, 1 0 ,,,, 1 0 0 . 0 ,,,, 1 ,,,, 4 ,,,, 5 ,,,, 5 ,,,, 0 ,,,, 1 ,,,, 3 ,,,, 1 ,,,, 1 9
,,,, D u n c a n , , R o b i n s o n ,,,, M I A ,,,, 0 8 / 1 8 / 2 0 2 0 ,,,, M I A , , @ , , I N D ,,,, W ,,,, 2 4 ,,,, 6 ,,,, 2 ,,,, 8 ,,,, 2 5 . 0 ,,,, 2 ,,,, 8 ,,,, 2 5 . 0 ,,,, 0 ,,,, 1 ,,,, 0 . 0 ,,,, 0 ,,,, 3 ,,,, 3 ,,,, 1 ,,,, 1 ,,,, 0 ,,,, 1 ,,,, 3 ,,,, 0
,,,, J u s u f , , N u r k i c ,,,, P O R ,,,, 0 8 / 1 8 / 2 0 2 0 ,,,, P O R , , @ , , L A L ,,,, W ,,,, 3 3 ,,,, 1 6 ,,,, 4 ,,,, 1 1 ,,,, 3 6 . 4 ,,,, 1 ,,,, 2 ,,,, 5 0 . 0 ,,,, 7 ,,,, 9 ,,,, 7 7 . 8 ,,,, 2 ,,,, 1 3 ,,,, 1 5 ,,,, 3 ,,,, 0 ,,,, 0 ,,,, 3 ,,,, 5 ,,,, 7
,,,, C J , , M c C o l l u m ,,,, P O R ,,,, 0 8 / 1 8 / 2 0 2 0 ,,,, P O R , , @ , , L A L ,,,, W ,,,, 4 2 ,,,, 2 1 ,,,, 8 ,,,, 2 0 ,,,, 4 0 . 0 ,,,, 3 ,,,, 8 ,,,, 3 7 . 5 ,,,, 2 ,,,, 4 ,,,, 5 0 . 0 ,,,, 0 ,,,, 5 ,,,, 5 ,,,, 0 ,,,, 1 ,,,, 0 ,,,, 5 ,,,, 3 ,,,, 7
,,,, H a s s a n , , W h i t e s i d e ,,,, P O R ,,,, 0 8 / 1 8 / 2 0 2 0 ,,,, P O R , , @ , , L A L ,,,, W ,,,, 2 6 ,,,, 7 ,,,, 3 ,,,, 4 ,,,, 7 5 . 0 ,,,, 0 ,,,, 0 ,,,, - ,,,, 1 ,,,, 4 ,,,, 2 5 . 0 ,,,, 1 ,,,, 7 ,,,, 8 ,,,, 0 ,,,, 0 ,,,, 5 ,,,, 2 ,,,, 5 ,,,, 1 3
,,,, G i a n n i s , , A n t e t o k o u n m p o ,,,, M I L ,,,, 0 8 / 1 8 / 2 0 2 0 ,,,, M I L , , v s . , , O R L ,,,, L ,,,, 3 4 ,,,, 3 1 ,,,, 1 2 ,,,, 2 5 ,,,, 4 8 . 0 ,,,, 3 ,,,, 7 ,,,, 4 2 . 9 ,,,, 4 ,,,, 9 ,,,, 4 4 . 4 ,,,, 4 ,,,, 1 3 ,,,, 1 7 ,,,, 7 ,,,, 1 ,,,, 0 ,,,, 5 ,,,, 5 ,,,, - 9
,,,, A a r o n , , H o l i d a y ,,,, I N D ,,,, 0 8 / 1 8 / 2 0 2 0 ,,,, I N D , , v s . , , M I A ,,,, L ,,,, 1 6 ,,,, 9 ,,,, 3 ,,,, 5 ,,,, 6 0 . 0 ,,,, 1 ,,,, 2 ,,,, 5 0 . 0 ,,,, 2 ,,,, 2 ,,,, 1 0 0 . 0 ,,,, 1 ,,,, 2 ,,,, 3 ,,,, 2 ,,,, 0 ,,,, 0 ,,,, 0 ,,,, 4 ,,,, - 1
,,,, K e n t a v i o u s , , C a l d w e l l - P o p e ,,,, L A L ,,,, 0 8 / 1 8 / 2 0 2 0 ,,,, L A L , , v s . , , P O R ,,,, L ,,,, 2 9 ,,,, 1 ,,,, 0 ,,,, 9 ,,,, 0 . 0 ,,,, 0 ,,,, 5 ,,,, 0 . 0 ,,,, 1 ,,,, 2 ,,,, 5 0 . 0 ,,,, 0 ,,,, 1 ,,,, 1 ,,,, 1 ,,,, 3 ,,,, 0 ,,,, 1 ,,,, 3 ,,,, - 1 8
,,,, G a r y , , C l a r k ,,,, O R L ,,,, 0 8 / 1 8 / 2 0 2 0 ,,,, O R L , , @ , , M I L ,,,, W ,,,, 2 8 ,,,, 1 5 ,,,, 4 ,,,, 1 2 ,,,, 3 3 . 3 ,,,, 4 ,,,, 1 2 ,,,, 3 3 . 3 ,,,, 3 ,,,, 3 ,,,, 1 0 0 . 0 ,,,, 0 ,,,, 6 ,,,, 6 ,,,, 0 ,,,, 1 ,,,, 0 ,,,, 0 ,,,, 2 ,,,, - 7
,,,, K h r i s , , M i d d l e t o n ,,,, M I L ,,,, 0 8 / 1 8 / 2 0 2 0 ,,,, M I L , , v s . , , O R L ,,,, L ,,,, 3 1 ,,,, 1 4 ,,,, 4 ,,,, 1 2 ,,,, 3 3 . 3 ,,,, 2 ,,,, 6 ,,,, 3 3 . 3 ,,,, 4 ,,,, 6 ,,,, 6 6 . 7 ,,,, 0 ,,,, 6 ,,,, 6 ,,,, 4 ,,,, 1 ,,,, 1 ,,,, 4 ,,,, 4 ,,,, - 8
,,,, T . J . , , M c C o n n e l l ,,,, I N D ,,,, 0 8 / 1 8 / 2 0 2 0 ,,,, I N D , , v s . , , M I A ,,,, L ,,,, 1 3 ,,,, 5 ,,,, 2 ,,,, 4 ,,,, 5 0 . 0 ,,,, 0 ,,,, 0 ,,,, - ,,,, 1 ,,,, 2 ,,,, 5 0 . 0 ,,,, 0 ,,,, 3 ,,,, 3 ,,,, 3 ,,,, 0 ,,,, 0 ,,,, 1 ,,,, 2 ,,,, - 6
,,,, R o b e r t , , C o v i n g t o n ,,,, H O U ,,,, 0 8 / 1 8 / 2 0 2 0 ,,,, H O U , , v s . , , O K C ,,,, W ,,,, 3 1 ,,,, 3 ,,,, 1 ,,,, 6 ,,,, 1 6 . 7 ,,,, 1 ,,,, 5 ,,,, 2 0 . 0 ,,,, 0 ,,,, 0 ,,,, - ,,,, 0 ,,,, 5 ,,,, 5 ,,,, 3 ,,,, 1 ,,,, 1 ,,,, 1 ,,,, 5 ,,,, - 8
,,,, K e l l y , , O l y n y k ,,,, M I A ,,,, 0 8 / 1 8 / 2 0 2 0 ,,,, M I A , , @ , , I N D ,,,, W ,,,, 1 4 ,,,, 5 ,,,, 2 ,,,, 4 ,,,, 5 0 . 0 ,,,, 1 ,,,, 3 ,,,, 3 3 . 3 ,,,, 0 ,,,, 0 ,,,, - ,,,, 0 ,,,, 2 ,,,, 2 ,,,, 2 ,,,, 0 ,,,, 0 ,,,, 0 ,,,, 0 ,,,, 6
,,,, D o n t e , , D i V i n c e n z o ,,,, M I L ,,,, 0 8 / 1 8 / 2 0 2 0 ,,,, M I L , , v s . , , O R L ,,,, L ,,,, 1 3 ,,,, 2 ,,,, 1 ,,,, 6 ,,,, 1 6 . 7 ,,,, 0 ,,,, 2 ,,,, 0 . 0 ,,,, 0 ,,,, 0 ,,,, - ,,,, 1 ,,,, 3 ,,,, 4 ,,,, 1 ,,,, 0 ,,,, 0 ,,,, 0 ,,,, 0 ,,,, - 2
,,,, D o u g , , M c D e r m o t t ,,,, I N D ,,,, 0 8 / 1 8 / 2 0 2 0 ,,,, I N D , , v s . , , M I A ,,,, L ,,,, 1 7 ,,,, 3 ,,,, 1 ,,,, 4 ,,,, 2 5 . 0 ,,,, 1 ,,,, 3 ,,,, 3 3 . 3 ,,,, 0 ,,,, 0 ,,,, - ,,,, 0 ,,,, 1 ,,,, 1 ,,,, 1 ,,,, 0 ,,,, 0 ,,,, 0 ,,,, 0 ,,,, - 1 4
,,,, D e r r i c k , , J o n e s , , J r . ,,,, M I A ,,,, 0 8 / 1 8 / 2 0 2 0 ,,,, M I A , , @ , , I N D ,,,, W ,,,, 1 3 ,,,, 6 ,,,, 2 ,,,, 3 ,,,, 6 6 . 7 ,,,, 1 ,,,, 2 ,,,, 5 0 . 0 ,,,, 1 ,,,, 2 ,,,, 5 0 . 0 ,,,, 0 ,,,, 2 ,,,, 2 ,,,, 0 ,,,, 1 ,,,, 0 ,,,, 0 ,,,, 1 ,,,, - 1 1
,,,, B e n , , M c L e m o r e ,,,, H O U ,,,, 0 8 / 1 8 / 2 0 2 0 ,,,, H O U , , v s . , , O K C ,,,, W ,,,, 2 4 ,,,, 1 4 ,,,, 5 ,,,, 8 ,,,, 6 2 . 5 ,,,, 4 ,,,, 7 ,,,, 5 7 . 1 ,,,, 0 ,,,, 0 ,,,, - ,,,, 0 ,,,, 1 ,,,, 1 ,,,, 0 ,,,, 1 ,,,, 0 ,,,, 0 ,,,, 1 ,,,, 2 7
,,,, C h r i s , , P a u l ,,,, O K C ,,,, 0 8 / 1 8 / 2 0 2 0 ,,,, O K C , , @ , , H O U ,,,, L ,,,, 3 7 ,,,, 2 0 ,,,, 7 ,,,, 1 4 ,,,, 5 0 . 0 ,,,, 3 ,,,, 8 ,,,, 3 7 . 5 ,,,, 3 ,,,, 4 ,,,, 7 5 . 0 ,,,, 0 ,,,, 1 0 ,,,, 1 0 ,,,, 9 ,,,, 2 ,,,, 0 ,,,, 4 ,,,, 4 ,,,, - 7
,,,, D a n i l o , , G a l l i n a r i ,,,, O K C ,,,, 0 8 / 1 8 / 2 0 2 0 ,,,, O K C , , @ , , H O U ,,,, L ,,,, 3 3 ,,,, 2 9 ,,,, 9 ,,,, 1 7 ,,,, 5 2 . 9 ,,,, 2 ,,,, 5 ,,,, 4 0 . 0 ,,,, 9 ,,,, 9 ,,,, 1 0 0 . 0 ,,,, 1 ,,,, 2 ,,,, 3 ,,,, 3 ,,,, 0 ,,,, 1 ,,,, 1 ,,,, 2 ,,,, - 1 1
,,,, N i k o l a , , V u c e v i c ,,,, O R L ,,,, 0 8 / 1 8 / 2 0 2 0 ,,,, O R L , , @ , , M I L ,,,, W ,,,, 3 7 ,,,, 3 5 ,,,, 1 5 ,,,, 2 4 ,,,, 6 2 . 5 ,,,, 5 ,,,, 8 ,,,, 6 2 . 5 ,,,, 0 ,,,, 0 ,,,, - ,,,, 3 ,,,, 1 1 ,,,, 1 4 ,,,, 4 ,,,, 1 ,,,, 0 ,,,, 5 ,,,, 3 ,,,, 1 4
,,,, B r u n o , , C a b o c l o ,,,, H O U ,,,, 0 8 / 1 8 / 2 0 2 0 ,,,, H O U , , v s . , , O K C ,,,, W ,,,, 2 ,,,, 2 ,,,, 1 ,,,, 1 ,,,, 1 0 0 . 0 ,,,, 0 ,,,, 0 ,,,, - ,,,, 0 ,,,, 0 ,,,, - ,,,, 0 ,,,, 1 ,,,, 1 ,,,, 0 ,,,, 1 ,,,, 0 ,,,, 0 ,,,, 0 ,,,, - 2
,,,, D e n n i s , , S c h r o d e r ,,,, O K C ,,,, 0 8 / 1 8 / 2 0 2 0 ,,,, O K C , , @ , , H O U ,,,, L ,,,, 3 2 ,,,, 6 ,,,, 3 ,,,, 1 2 ,,,, 2 5 . 0 ,,,, 0 ,,,, 5 ,,,, 0 . 0 ,,,, 0 ,,,, 0 ,,,, - ,,,, 0 ,,,, 0 ,,,, 0 ,,,, 4 ,,,, 0 ,,,, 0 ,,,, 2 ,,,, 2 ,,,, - 1 9
,,,, A b d e l , , N a d e r ,,,, O K C ,,,, 0 8 / 1 8 / 2 0 2 0 ,,,, O K C , , @ , , H O U ,,,, L ,,,, 2 ,,,, 0 ,,,, 0 ,,,, 1 ,,,, 0 . 0 ,,,, 0 ,,,, 0 ,,,, - ,,,, 0 ,,,, 0 ,,,, - ,,,, 0 ,,,, 1 ,,,, 1 ,,,, 0 ,,,, 0 ,,,, 0 ,,,, 0 ,,,, 0 ,,,, 2
,,,, P . J . , , T u c k e r ,,,, H O U ,,,, 0 8 / 1 8 / 2 0 2 0 ,,,, H O U , , v s . , , O K C ,,,, W ,,,, 3 4 ,,,, 1 1 ,,,, 4 ,,,, 9 ,,,, 4 4 . 4 ,,,, 3 ,,,, 8 ,,,, 3 7 . 5 ,,,, 0 ,,,, 0 ,,,, - ,,,, 2 ,,,, 2 ,,,, 4 ,,,, 4 ,,,, 0 ,,,, 0 ,,,, 0 ,,,, 4 ,,,, 1 3
,,,, B a m , , A d e b a y o ,,,, M I A ,,,, 0 8 / 1 8 / 2 0 2 0 ,,,, M I A , , @ , , I N D ,,,, W ,,,, 3 5 ,,,, 1 7 ,,,, 7 ,,,, 1 4 ,,,, 5 0 . 0 ,,,, 0 ,,,, 0 ,,,, - ,,,, 3 ,,,, 4 ,,,, 7 5 . 0 ,,,, 4 ,,,, 6 ,,,, 1 0 ,,,, 6 ,,,, 0 ,,,, 3 ,,,, 0 ,,,, 2 ,,,, 2 3
,,,, I v i c a , , Z u b a c ,,,, L A C ,,,, 0 8 / 1 7 / 2 0 2 0 ,,,, L A C , , v s . , , D A L ,,,, W ,,,, 2 2 ,,,, 1 0 ,,,, 5 ,,,, 9 ,,,, 5 5 . 6 ,,,, 0 ,,,, 0 ,,,, - ,,,, 0 ,,,, 0 ,,,, - ,,,, 5 ,,,, 5 ,,,, 1 0 ,,,, 1 ,,,, 0 ,,,, 2 ,,,, 0 ,,,, 1 ,,,, 1 7
,,,, T o r r e y , , C r a i g ,,,, D E N ,,,, 0 8 / 1 7 / 2 0 2 0 ,,,, D E N , , v s . , , U T A ,,,, W ,,,, 2 1 ,,,, 1 1 ,,,, 4 ,,,, 7 ,,,, 5 7 . 1 ,,,, 3 ,,,, 5 ,,,, 6 0 . 0 ,,,, 0 ,,,, 0 ,,,, - ,,,, 2 ,,,, 2 ,,,, 4 ,,,, 0 ,,,, 0 ,,,, 0 ,,,, 1 ,,,, 6 ,,,, 1 0
,,,, C h r i s , , B o u c h e r ,,,, T O R ,,,, 0 8 / 1 7 / 2 0 2 0 ,,,, T O R , , v s . , , B K N ,,,, W ,,,, 3 ,,,, 0 ,,,, 0 ,,,, 1 ,,,, 0 . 0 ,,,, 0 ,,,, 1 ,,,, 0 . 0 ,,,, 0 ,,,, 0 ,,,, - ,,,, 0 ,,,, 1 ,,,, 1 ,,,, 0 ,,,, 0 ,,,, 0 ,,,, 0 ,,,, 0 ,,,, 2
,,,, J o e , , I n g l e s ,,,, U T A ,,,, 0 8 / 1 7 / 2 0 2 0 ,,,, U T A , , @ , , D E N ,,,, L ,,,, 4 3 ,,,, 1 9 ,,,, 6 ,,,, 1 4 ,,,, 4 2 . 9 ,,,, 5 ,,,, 1 2 ,,,, 4 1 . 7 ,,,, 2 ,,,, 2 ,,,, 1 0 0 . 0 ,,,, 0 ,,,, 5 ,,,, 5 ,,,, 6 ,,,, 1 ,,,, 0 ,,,, 3 ,,,, 3 ,,,, - 1 4
,,,, T o b i a s , , H a r r i s ,,,, P H I ,,,, 0 8 / 1 7 / 2 0 2 0 ,,,, P H I , , @ , , B O S ,,,, L ,,,, 3 9 ,,,, 1 5 ,,,, 6 ,,,, 1 5 ,,,, 4 0 . 0 ,,,, 0 ,,,, 3 ,,,, 0 . 0 ,,,, 3 ,,,, 3 ,,,, 1 0 0 . 0 ,,,, 3 ,,,, 5 ,,,, 8 ,,,, 8 ,,,, 1 ,,,, 0 ,,,, 1 ,,,, 1 ,,,, - 2
,,,, B r a d , , W a n a m a k e r ,,,, B O S ,,,, 0 8 / 1 7 / 2 0 2 0 ,,,, B O S , , v s . , , P H I ,,,, W ,,,, 1 0 ,,,, 4 ,,,, 2 ,,,, 3 ,,,, 6 6 . 7 ,,,, 0 ,,,, 0 ,,,, - ,,,, 0 ,,,, 0 ,,,, - ,,,, 1 ,,,, 2 ,,,, 3 ,,,, 1 ,,,, 1 ,,,, 0 ,,,, 0 ,,,, 2 ,,,, - 1
,,,, D e l o n , , W r i g h t ,,,, D A L ,,,, 0 8 / 1 7 / 2 0 2 0 ,,,, D A L , , @ , , L A C ,,,, L ,,,, 6 ,,,, 0 ,,,, 0 ,,,, 0 ,,,, - ,,,, 0 ,,,, 0 ,,,, - ,,,, 0 ,,,, 0 ,,,, - ,,,, 0 ,,,, 0 ,,,, 0 ,,,, 1 ,,,, 1 ,,,, 0 ,,,, 1 ,,,, 0 ,,,, 1
,,,, R o b e r t , , W i l l i a m s , , I I I ,,,, B O S ,,,, 0 8 / 1 7 / 2 0 2 0 ,,,, B O S , , v s . , , P H I ,,,, W ,,,, 1 3 ,,,, 2 ,,,, 1 ,,,, 4 ,,,, 2 5 . 0 ,,,, 0 ,,,, 0 ,,,, - ,,,, 0 ,,,, 0 ,,,, - ,,,, 4 ,,,, 2 ,,,, 6 ,,,, 1 ,,,, 0 ,,,, 0 ,,,, 0 ,,,, 4 ,,,, - 4
,,,, A l e c , , B u r k s ,,,, P H I ,,,, 0 8 / 1 7 / 2 0 2 0 ,,,, P H I , , @ , , B O S ,,,, L ,,,, 2 7 ,,,, 1 8 ,,,, 6 ,,,, 1 5 ,,,, 4 0 . 0 ,,,, 1 ,,,, 3 ,,,, 3 3 . 3 ,,,, 5 ,,,, 7 ,,,, 7 1 . 4 ,,,, 3 ,,,, 3 ,,,, 6 ,,,, 2 ,,,, 0 ,,,, 0 ,,,, 2 ,,,, 2 ,,,, 3
,,,, J o e l , , E m b i i d ,,,, P H I ,,,, 0 8 / 1 7 / 2 0 2 0 ,,,, P H I , , @ , , B O S ,,,, L ,,,, 3 7 ,,,, 2 6 ,,,, 8 ,,,, 1 5 ,,,, 5 3 . 3 ,,,, 1 ,,,, 4 ,,,, 2 5 . 0 ,,,, 9 ,,,, 1 2 ,,,, 7 5 . 0 ,,,, 5 ,,,, 1 1 ,,,, 1 6 ,,,, 1 ,,,, 2 ,,,, 1 ,,,, 5 ,,,, 5 ,,,, - 6
,,,, M a t i s s e , , T h y b u l l e ,,,, P H I ,,,, 0 8 / 1 7 / 2 0 2 0 ,,,, P H I , , @ , , B O S ,,,, L ,,,, 3 3 ,,,, 5 ,,,, 2 ,,,, 3 ,,,, 6 6 . 7 ,,,, 1 ,,,, 2 ,,,, 5 0 . 0 ,,,, 0 ,,,, 0 ,,,, - ,,,, 1 ,,,, 3 ,,,, 4 ,,,, 1 ,,,, 2 ,,,, 1 ,,,, 0 ,,,, 3 ,,,, - 2
,,,, M a t t , , T h o m a s ,,,, T O R ,,,, 0 8 / 1 7 / 2 0 2 0 ,,,, T O R , , v s . , , B K N ,,,, W ,,,, 7 ,,,, 0 ,,,, 0 ,,,, 1 ,,,, 0 . 0 ,,,, 0 ,,,, 1 ,,,, 0 . 0 ,,,, 0 ,,,, 0 ,,,, - ,,,, 0 ,,,, 0 ,,,, 0 ,,,, 3 ,,,, 1 ,,,, 0 ,,,, 0 ,,,, 1 ,,,, 1 1
,,,, M a r c u s , , M o r r i s , , S r . ,,,, L A C ,,,, 0 8 / 1 7 / 2 0 2 0 ,,,, L A C , , v s . , , D A L ,,,, W ,,,, 3 2 ,,,, 1 9 ,,,, 8 ,,,, 1 3 ,,,, 6 1 . 5 ,,,, 3 ,,,, 6 ,,,, 5 0 . 0 ,,,, 0 ,,,, 0 ,,,, - ,,,, 0 ,,,, 6 ,,,, 6 ,,,, 1 ,,,, 4 ,,,, 0 ,,,, 1 ,,,, 3 ,,,, 2 5
,,,, T o n y , , B r a d l e y ,,,, U T A ,,,, 0 8 / 1 7 / 2 0 2 0 ,,,, U T A , , @ , , D E N ,,,, L ,,,, 1 1 ,,,, 0 ,,,, 0 ,,,, 3 ,,,, 0 . 0 ,,,, 0 ,,,, 0 ,,,, - ,,,, 0 ,,,, 0 ,,,, - ,,,, 4 ,,,, 5 ,,,, 9 ,,,, 0 ,,,, 0 ,,,, 0 ,,,, 2 ,,,, 1 ,,,, - 3
,,,, A l , , H o r f o r d ,,,, P H I ,,,, 0 8 / 1 7 / 2 0 2 0 ,,,, P H I , , @ , , B O S ,,,, L ,,,, 3 1 ,,,, 6 ,,,, 3 ,,,, 7 ,,,, 4 2 . 9 ,,,, 0 ,,,, 1 ,,,, 0 . 0 ,,,, 0 ,,,, 0 ,,,, - ,,,, 2 ,,,, 5 ,,,, 7 ,,,, 6 ,,,, 0 ,,,, 1 ,,,, 3 ,,,, 5 ,,,, - 1 8
,,,, K r i s t a p s , , P o r z i n g i s ,,,, D A L ,,,, 0 8 / 1 7 / 2 0 2 0 ,,,, D A L , , @ , , L A C ,,,, L ,,,, 2 0 ,,,, 1 4 ,,,, 3 ,,,, 9 ,,,, 3 3 . 3 ,,,, 1 ,,,, 4 ,,,, 2 5 . 0 ,,,, 7 ,,,, 8 ,,,, 8 7 . 5 ,,,, 0 ,,,, 6 ,,,, 6 ,,,, 1 ,,,, 0 ,,,, 1 ,,,, 0 ,,,, 2 ,,,, - 6
,,,, R e g g i e , , J a c k s o n ,,,, L A C ,,,, 0 8 / 1 7 / 2 0 2 0 ,,,, L A C , , v s . , , D A L ,,,, W ,,,, 1 6 ,,,, 0 ,,,, 0 ,,,, 5 ,,,, 0 . 0 ,,,, 0 ,,,, 1 ,,,, 0 . 0 ,,,, 0 ,,,, 0 ,,,, - ,,,, 0 ,,,, 3 ,,,, 3 ,,,, 1 ,,,, 0 ,,,, 0 ,,,, 0 ,,,, 2 ,,,, - 8
,,,, J a y s o n , , T a t u m ,,,, B O S ,,,, 0 8 / 1 7 / 2 0 2 0 ,,,, B O S , , v s . , , P H I ,,,, W ,,,, 4 1 ,,,, 3 2 ,,,, 1 0 ,,,, 2 1 ,,,, 4 7 . 6 ,,,, 2 ,,,, 5 ,,,, 4 0 . 0 ,,,, 1 0 ,,,, 1 1 ,,,, 9 0 . 9 ,,,, 3 ,,,, 1 0 ,,,, 1 3 ,,,, 1 ,,,, 0 ,,,, 3 ,,,, 1 ,,,, 2 ,,,, 1 9
,,,, L o u , , W i l l i a m s ,,,, L A C ,,,, 0 8 / 1 7 / 2 0 2 0 ,,,, L A C , , v s . , , D A L ,,,, W ,,,, 3 1 ,,,, 1 4 ,,,, 4 ,,,, 1 0 ,,,, 4 0 . 0 ,,,, 2 ,,,, 5 ,,,, 4 0 . 0 ,,,, 4 ,,,, 5 ,,,, 8 0 . 0 ,,,, 0 ,,,, 3 ,,,, 3 ,,,, 5 ,,,, 1 ,,,, 0 ,,,, 2 ,,,, 2 ,,,, 3
,,,, P a u l , , G e o r g e ,,,, L A C ,,,, 0 8 / 1 7 / 2 0 2 0 ,,,, L A C , , v s . , , D A L ,,,, W ,,,, 3 7 ,,,, 2 7 ,,,, 1 0 ,,,, 2 2 ,,,, 4 5 . 5 ,,,, 4 ,,,, 1 1 ,,,, 3 6 . 4 ,,,, 3 ,,,, 3 ,,,, 1 0 0 . 0 ,,,, 0 ,,,, 2 ,,,, 2 ,,,, 3 ,,,, 2 ,,,, 0 ,,,, 3 ,,,, 4 ,,,, 1 3
,,,, F r e d , , V a n V l e e t ,,,, T O R ,,,, 0 8 / 1 7 / 2 0 2 0 ,,,, T O R , , v s . , , B K N ,,,, W ,,,, 3 9 ,,,, 3 0 ,,,, 1 1 ,,,, 1 5 ,,,, 7 3 . 3 ,,,, 8 ,,,, 1 0 ,,,, 8 0 . 0 ,,,, 0 ,,,, 1 ,,,, 0 . 0 ,,,, 0 ,,,, 2 ,,,, 2 ,,,, 1 1 ,,,, 2 ,,,, 1 ,,,, 1 ,,,, 2 ,,,, 1 4
,,,, R o d i o n s , , K u r u c s ,,,, B K N ,,,, 0 8 / 1 7 / 2 0 2 0 ,,,, B K N , , @ , , T O R ,,,, L ,,,, 1 6 ,,,, 6 ,,,, 3 ,,,, 5 ,,,, 6 0 . 0 ,,,, 0 ,,,, 2 ,,,, 0 . 0 ,,,, 0 ,,,, 0 ,,,, - ,,,, 1 ,,,, 5 ,,,, 6 ,,,, 2 ,,,, 0 ,,,, 0 ,,,, 2 ,,,, 6 ,,,, - 1 6
,,,, C a r i s , , L e V e r t ,,,, B K N ,,,, 0 8 / 1 7 / 2 0 2 0 ,,,, B K N , , @ , , T O R ,,,, L ,,,, 3 5 ,,,, 1 5 ,,,, 5 ,,,, 1 4 ,,,, 3 5 . 7 ,,,, 0 ,,,, 2 ,,,, 0 . 0 ,,,, 5 ,,,, 6 ,,,, 8 3 . 3 ,,,, 2 ,,,, 5 ,,,, 7 ,,,, 1 5 ,,,, 1 ,,,, 0 ,,,, 5 ,,,, 0 ,,,, - 5
,,,, E m m a n u e l , , M u d i a y ,,,, U T A ,,,, 0 8 / 1 7 / 2 0 2 0 ,,,, U T A , , @ , , D E N ,,,, L ,,,, 1 0 ,,,, 1 ,,,, 0 ,,,, 2 ,,,, 0 . 0 ,,,, 0 ,,,, 0 ,,,, - ,,,, 1 ,,,, 2 ,,,, 5 0 . 0 ,,,, 1 ,,,, 0 ,,,, 1 ,,,, 0 ,,,, 0 ,,,, 0 ,,,, 0 ,,,, 0 ,,,, 1
,,,, P a s c a l , , S i a k a m ,,,, T O R ,,,, 0 8 / 1 7 / 2 0 2 0 ,,,, T O R , , v s . , , B K N ,,,, W ,,,, 3 1 ,,,, 1 8 ,,,, 4 ,,,, 1 3 ,,,, 3 0 . 8 ,,,, 1 ,,,, 4 ,,,, 2 5 . 0 ,,,, 9 ,,,, 9 ,,,, 1 0 0 . 0 ,,,, 2 ,,,, 9 ,,,, 1 1 ,,,, 1 ,,,, 0 ,,,, 0 ,,,, 2 ,,,, 4 ,,,, 1 0
,,,, M i k e , , S c o t t ,,,, P H I ,,,, 0 8 / 1 7 / 2 0 2 0 ,,,, P H I , , @ , , B O S ,,,, L ,,,, 2 ,,,, 0 ,,,, 0 ,,,, 1 ,,,, 0 . 0 ,,,, 0 ,,,, 0 ,,,, - ,,,, 0 ,,,, 0 ,,,, - ,,,, 1 ,,,, 1 ,,,, 2 ,,,, 0 ,,,, 0 ,,,, 0 ,,,, 0 ,,,, 1 ,,,, - 3
,,,, K y l e , , L o w r y ,,,, T O R ,,,, 0 8 / 1 7 / 2 0 2 0 ,,,, T O R , , v s . , , B K N ,,,, W ,,,, 3 8 ,,,, 1 6 ,,,, 3 ,,,, 1 4 ,,,, 2 1 . 4 ,,,, 3 ,,,, 1 0 ,,,, 3 0 . 0 ,,,, 7 ,,,, 7 ,,,, 1 0 0 . 0 ,,,, 0 ,,,, 7 ,,,, 7 ,,,, 6 ,,,, 0 ,,,, 1 ,,,, 0 ,,,, 2 ,,,, 2 6
,,,, M o n t e , , M o r r i s ,,,, D E N ,,,, 0 8 / 1 7 / 2 0 2 0 ,,,, D E N , , v s . , , U T A ,,,, W ,,,, 2 9 ,,,, 1 4 ,,,, 6 ,,,, 9 ,,,, 6 6 . 7 ,,,, 2 ,,,, 3 ,,,, 6 6 . 7 ,,,, 0 ,,,, 1 ,,,, 0 . 0 ,,,, 0 ,,,, 3 ,,,, 3 ,,,, 4 ,,,, 1 ,,,, 1 ,,,, 1 ,,,, 1 ,,,, 1 0
,,,, J o r d a n , , C l a r k s o n ,,,, U T A ,,,, 0 8 / 1 7 / 2 0 2 0 ,,,, U T A , , @ , , D E N ,,,, L ,,,, 3 9 ,,,, 1 8 ,,,, 8 ,,,, 1 7 ,,,, 4 7 . 1 ,,,, 2 ,,,, 9 ,,,, 2 2 . 2 ,,,, 0 ,,,, 0 ,,,, - ,,,, 1 ,,,, 3 ,,,, 4 ,,,, 3 ,,,, 0 ,,,, 0 ,,,, 2 ,,,, 5 ,,,, - 1 5
,,,, J o s h , , R i c h a r d s o n ,,,, P H I ,,,, 0 8 / 1 7 / 2 0 2 0 ,,,, P H I , , @ , , B O S ,,,, L ,,,, 3 7 ,,,, 1 8 ,,,, 7 ,,,, 1 7 ,,,, 4 1 . 2 ,,,, 3 ,,,, 9 ,,,, 3 3 . 3 ,,,, 1 ,,,, 1 ,,,, 1 0 0 . 0 ,,,, 0 ,,,, 6 ,,,, 6 ,,,, 2 ,,,, 0 ,,,, 0 ,,,, 3 ,,,, 2 ,,,, - 1 0
,,,, P a t r i c k , , B e v e r l e y ,,,, L A C ,,,, 0 8 / 1 7 / 2 0 2 0 ,,,, L A C , , v s . , , D A L ,,,, W ,,,, 2 0 ,,,, 8 ,,,, 3 ,,,, 6 ,,,, 5 0 . 0 ,,,, 2 ,,,, 5 ,,,, 4 0 . 0 ,,,, 0 ,,,, 2 ,,,, 0 . 0 ,,,, 3 ,,,, 2 ,,,, 5 ,,,, 1 ,,,, 2 ,,,, 0 ,,,, 1 ,,,, 5 ,,,, 1 4
,,,, J u w a n , , M o r g a n ,,,, U T A ,,,, 0 8 / 1 7 / 2 0 2 0 ,,,, U T A , , @ , , D E N ,,,, L ,,,, 2 5 ,,,, 3 ,,,, 1 ,,,, 5 ,,,, 2 0 . 0 ,,,, 1 ,,,, 4 ,,,, 2 5 . 0 ,,,, 0 ,,,, 0 ,,,, - ,,,, 2 ,,,, 5 ,,,, 7 ,,,, 1 ,,,, 1 ,,,, 0 ,,,, 1 ,,,, 0 ,,,, 1 7
,,,, T e r a n c e , , M a n n ,,,, L A C ,,,, 0 8 / 1 7 / 2 0 2 0 ,,,, L A C , , v s . , , D A L ,,,, W ,,,, 0 ,,,, 0 ,,,, 0 ,,,, 0 ,,,, - ,,,, 0 ,,,, 0 ,,,, - ,,,, 0 ,,,, 0 ,,,, - ,,,, 0 ,,,, 0 ,,,, 0 ,,,, 0 ,,,, 0 ,,,, 0 ,,,, 0 ,,,, 0 ,,,, 0
,,,, D o n o v a n , , M i t c h e l l ,,,, U T A ,,,, 0 8 / 1 7 / 2 0 2 0 ,,,, U T A , , @ , , D E N ,,,, L ,,,, 4 3 ,,,, 5 7 ,,,, 1 9 ,,,, 3 3 ,,,, 5 7 . 6 ,,,, 6 ,,,, 1 5 ,,,, 4 0 . 0 ,,,, 1 3 ,,,, 1 3 ,,,, 1 0 0 . 0 ,,,, 2 ,,,, 7 ,,,, 9 ,,,, 7 ,,,, 1 ,,,, 0 ,,,, 5 ,,,, 2 ,,,, - 1 1
,,,, N i k o l a , , J o k i c ,,,, D E N ,,,, 0 8 / 1 7 / 2 0 2 0 ,,,, D E N , , v s . , , U T A ,,,, W ,,,, 4 2 ,,,, 2 9 ,,,, 1 1 ,,,, 2 1 ,,,, 5 2 . 4 ,,,, 4 ,,,, 7 ,,,, 5 7 . 1 ,,,, 3 ,,,, 3 ,,,, 1 0 0 . 0 ,,,, 1 ,,,, 9 ,,,, 1 0 ,,,, 3 ,,,, 2 ,,,, 1 ,,,, 4 ,,,, 2 ,,,, 7
,,,, T i m o t h e , , L u w a w u - C a b a r r o t ,,,, B K N ,,,, 0 8 / 1 7 / 2 0 2 0 ,,,, B K N , , @ , , T O R ,,,, L ,,,, 3 3 ,,,, 2 6 ,,,, 9 ,,,, 1 3 ,,,, 6 9 . 2 ,,,, 6 ,,,, 9 ,,,, 6 6 . 7 ,,,, 2 ,,,, 3 ,,,, 6 6 . 7 ,,,, 0 ,,,, 7 ,,,, 7 ,,,, 2 ,,,, 0 ,,,, 0 ,,,, 1 ,,,, 5 ,,,, 2
,,,, R u d y , , G o b e r t ,,,, U T A ,,,, 0 8 / 1 7 / 2 0 2 0 ,,,, U T A , , @ , , D E N ,,,, L ,,,, 4 2 ,,,, 1 7 ,,,, 8 ,,,, 1 1 ,,,, 7 2 . 7 ,,,, 0 ,,,, 0 ,,,, - ,,,, 1 ,,,, 6 ,,,, 1 6 . 7 ,,,, 4 ,,,, 3 ,,,, 7 ,,,, 1 ,,,, 2 ,,,, 4 ,,,, 1 ,,,, 5 ,,,, - 7
,,,, M i c h a e l , , K i d d - G i l c h r i s t ,,,, D A L ,,,, 0 8 / 1 7 / 2 0 2 0 ,,,, D A L , , @ , , L A C ,,,, L ,,,, 8 ,,,, 6 ,,,, 2 ,,,, 3 ,,,, 6 6 . 7 ,,,, 2 ,,,, 3 ,,,, 6 6 . 7 ,,,, 0 ,,,, 0 ,,,, - ,,,, 0 ,,,, 0 ,,,, 0 ,,,, 0 ,,,, 0 ,,,, 0 ,,,, 1 ,,,, 2 ,,,, 2
,,,, T i m , , H a r d a w a y , , J r . ,,,, D A L ,,,, 0 8 / 1 7 / 2 0 2 0 ,,,, D A L , , @ , , L A C ,,,, L ,,,, 3 6 ,,,, 1 8 ,,,, 7 ,,,, 1 6 ,,,, 4 3 . 8 ,,,, 4 ,,,, 1 1 ,,,, 3 6 . 4 ,,,, 0 ,,,, 0 ,,,, - ,,,, 0 ,,,, 6 ,,,, 6 ,,,, 1 ,,,, 1 ,,,, 0 ,,,, 1 ,,,, 4 ,,,, - 2 2
,,,, D z a n a n , , M u s a ,,,, B K N ,,,, 0 8 / 1 7 / 2 0 2 0 ,,,, B K N , , @ , , T O R ,,,, L ,,,, 4 ,,,, 0 ,,,, 0 ,,,, 0 ,,,, - ,,,, 0 ,,,, 0 ,,,, - ,,,, 0 ,,,, 0 ,,,, - ,,,, 0 ,,,, 0 ,,,, 0 ,,,, 1 ,,,, 0 ,,,, 0 ,,,, 0 ,,,, 0 ,,,, - 5
,,,, B o b a n , , M a r j a n o v i c ,,,, D A L ,,,, 0 8 / 1 7 / 2 0 2 0 ,,,, D A L , , @ , , L A C ,,,, L ,,,, 1 3 ,,,, 2 ,,,, 1 ,,,, 2 ,,,, 5 0 . 0 ,,,, 0 ,,,, 0 ,,,, - ,,,, 0 ,,,, 1 ,,,, 0 . 0 ,,,, 1 ,,,, 7 ,,,, 8 ,,,, 1 ,,,, 0 ,,,, 0 ,,,, 0 ,,,, 1 ,,,, 5
,,,, F u r k a n , , K o r k m a z ,,,, P H I ,,,, 0 8 / 1 7 / 2 0 2 0 ,,,, P H I , , @ , , B O S ,,,, L ,,,, 7 ,,,, 0 ,,,, 0 ,,,, 0 ,,,, - ,,,, 0 ,,,, 0 ,,,, - ,,,, 0 ,,,, 0 ,,,, - ,,,, 0 ,,,, 1 ,,,, 1 ,,,, 0 ,,,, 0 ,,,, 0 ,,,, 1 ,,,, 3 ,,,, 5
,,,, N o r m a n , , P o w e l l ,,,, T O R ,,,, 0 8 / 1 7 / 2 0 2 0 ,,,, T O R , , v s . , , B K N ,,,, W ,,,, 1 7 ,,,, 6 ,,,, 2 ,,,, 4 ,,,, 5 0 . 0 ,,,, 2 ,,,, 3 ,,,, 6 6 . 7 ,,,, 0 ,,,, 0 ,,,, - ,,,, 0 ,,,, 3 ,,,, 3 ,,,, 0 ,,,, 0 ,,,, 0 ,,,, 2 ,,,, 3 ,,,, 3
,,,, G r a n t , , W i l l i a m s ,,,, B O S ,,,, 0 8 / 1 7 / 2 0 2 0 ,,,, B O S , , v s . , , P H I ,,,, W ,,,, 2 ,,,, 0 ,,,, 0 ,,,, 0 ,,,, - ,,,, 0 ,,,, 0 ,,,, - ,,,, 0 ,,,, 0 ,,,, - ,,,, 2 ,,,, 0 ,,,, 2 ,,,, 0 ,,,, 0 ,,,, 0 ,,,, 0 ,,,, 0 ,,,, 2
,,,, M o n t r e z l , , H a r r e l l ,,,, L A C ,,,, 0 8 / 1 7 / 2 0 2 0 ,,,, L A C , , v s . , , D A L ,,,, W ,,,, 1 5 ,,,, 6 ,,,, 2 ,,,, 5 ,,,, 4 0 . 0 ,,,, 0 ,,,, 0 ,,,, - ,,,, 2 ,,,, 4 ,,,, 5 0 . 0 ,,,, 0 ,,,, 2 ,,,, 2 ,,,, 0 ,,,, 0 ,,,, 0 ,,,, 0 ,,,, 0 ,,,, - 7
,,,, J a M y c h a l , , G r e e n ,,,, L A C ,,,, 0 8 / 1 7 / 2 0 2 0 ,,,, L A C , , v s . , , D A L ,,,, W ,,,, 1 8 ,,,, 5 ,,,, 2 ,,,, 3 ,,,, 6 6 . 7 ,,,, 1 ,,,, 2 ,,,, 5 0 . 0 ,,,, 0 ,,,, 0 ,,,, - ,,,, 1 ,,,, 1 ,,,, 2 ,,,, 0 ,,,, 0 ,,,, 1 ,,,, 0 ,,,, 3 ,,,, - 1 6
,,,, M a x i , , K l e b e r ,,,, D A L ,,,, 0 8 / 1 7 / 2 0 2 0 ,,,, D A L , , @ , , L A C ,,,, L ,,,, 3 4 ,,,, 3 ,,,, 1 ,,,, 5 ,,,, 2 0 . 0 ,,,, 1 ,,,, 5 ,,,, 2 0 . 0 ,,,, 0 ,,,, 0 ,,,, - ,,,, 2 ,,,, 4 ,,,, 6 ,,,, 1 ,,,, 0 ,,,, 0 ,,,, 3 ,,,, 3 ,,,, - 2 0
,,,, P J , , D o z i e r ,,,, D E N ,,,, 0 8 / 1 7 / 2 0 2 0 ,,,, D E N , , v s . , , U T A ,,,, W ,,,, 2 0 ,,,, 3 ,,,, 1 ,,,, 3 ,,,, 3 3 . 3 ,,,, 1 ,,,, 2 ,,,, 5 0 . 0 ,,,, 0 ,,,, 0 ,,,, - ,,,, 0 ,,,, 2 ,,,, 2 ,,,, 1 ,,,, 1 ,,,, 0 ,,,, 0 ,,,, 1 ,,,, 2
,,,, J e r a m i , , G r a n t ,,,, D E N ,,,, 0 8 / 1 7 / 2 0 2 0 ,,,, D E N , , v s . , , U T A ,,,, W ,,,, 4 0 ,,,, 1 9 ,,,, 5 ,,,, 1 1 ,,,, 4 5 . 5 ,,,, 2 ,,,, 5 ,,,, 4 0 . 0 ,,,, 7 ,,,, 8 ,,,, 8 7 . 5 ,,,, 0 ,,,, 0 ,,,, 0 ,,,, 3 ,,,, 1 ,,,, 1 ,,,, 0 ,,,, 2 ,,,, 1
,,,, R o n d a e , , H o l l i s - J e f f e r s o n ,,,, T O R ,,,, 0 8 / 1 7 / 2 0 2 0 ,,,, T O R , , v s . , , B K N ,,,, W ,,,, 1 1 ,,,, 6 ,,,, 1 ,,,, 3 ,,,, 3 3 . 3 ,,,, 0 ,,,, 0 ,,,, - ,,,, 4 ,,,, 4 ,,,, 1 0 0 . 0 ,,,, 2 ,,,, 0 ,,,, 2 ,,,, 0 ,,,, 0 ,,,, 1 ,,,, 0 ,,,, 1 ,,,, 5
,,,, L a n c e , , T h o m a s ,,,, B K N ,,,, 0 8 / 1 7 / 2 0 2 0 ,,,, B K N , , @ , , T O R ,,,, L ,,,, 4 ,,,, 0 ,,,, 0 ,,,, 1 ,,,, 0 . 0 ,,,, 0 ,,,, 1 ,,,, 0 . 0 ,,,, 0 ,,,, 0 ,,,, - ,,,, 0 ,,,, 0 ,,,, 0 ,,,, 0 ,,,, 0 ,,,, 0 ,,,, 0 ,,,, 2 ,,,, - 5
,,,, T y l e r , , J o h n s o n ,,,, B K N ,,,, 0 8 / 1 7 / 2 0 2 0 ,,,, B K N , , @ , , T O R ,,,, L ,,,, 1 7 ,,,, 7 ,,,, 3 ,,,, 8 ,,,, 3 7 . 5 ,,,, 1 ,,,, 6 ,,,, 1 6 . 7 ,,,, 0 ,,,, 0 ,,,, - ,,,, 0 ,,,, 0 ,,,, 0 ,,,, 3 ,,,, 0 ,,,, 0 ,,,, 0 ,,,, 2 ,,,, - 2 9
,,,, J u s t i n , , A n d e r s o n ,,,, B K N ,,,, 0 8 / 1 7 / 2 0 2 0 ,,,, B K N , , @ , , T O R ,,,, L ,,,, 4 ,,,, 3 ,,,, 1 ,,,, 2 ,,,, 5 0 . 0 ,,,, 1 ,,,, 2 ,,,, 5 0 . 0 ,,,, 0 ,,,, 0 ,,,, - ,,,, 0 ,,,, 1 ,,,, 1 ,,,, 1 ,,,, 0 ,,,, 0 ,,,, 0 ,,,, 0 ,,,, - 5
,,,, M a s o n , , P l u m l e e ,,,, D E N ,,,, 0 8 / 1 7 / 2 0 2 0 ,,,, D E N , , v s . , , U T A ,,,, W ,,,, 1 1 ,,,, 2 ,,,, 1 ,,,, 1 ,,,, 1 0 0 . 0 ,,,, 0 ,,,, 0 ,,,, - ,,,, 0 ,,,, 0 ,,,, - ,,,, 1 ,,,, 5 ,,,, 6 ,,,, 2 ,,,, 1 ,,,, 1 ,,,, 1 ,,,, 3 ,,,, 3
,,,, O G , , A n u n o b y ,,,, T O R ,,,, 0 8 / 1 7 / 2 0 2 0 ,,,, T O R , , v s . , , B K N ,,,, W ,,,, 3 4 ,,,, 1 2 ,,,, 4 ,,,, 8 ,,,, 5 0 . 0 ,,,, 3 ,,,, 5 ,,,, 6 0 . 0 ,,,, 1 ,,,, 1 ,,,, 1 0 0 . 0 ,,,, 2 ,,,, 3 ,,,, 5 ,,,, 1 ,,,, 1 ,,,, 2 ,,,, 1 ,,,, 5 ,,,, 1 8
,,,, J a y l e n , , B r o w n ,,,, B O S ,,,, 0 8 / 1 7 / 2 0 2 0 ,,,, B O S , , v s . , , P H I ,,,, W ,,,, 3 9 ,,,, 2 9 ,,,, 9 ,,,, 1 6 ,,,, 5 6 . 3 ,,,, 5 ,,,, 8 ,,,, 6 2 . 5 ,,,, 6 ,,,, 6 ,,,, 1 0 0 . 0 ,,,, 2 ,,,, 4 ,,,, 6 ,,,, 4 ,,,, 3 ,,,, 0 ,,,, 2 ,,,, 4 ,,,, - 1
,,,, J a m a l , , M u r r a y ,,,, D E N ,,,, 0 8 / 1 7 / 2 0 2 0 ,,,, D E N , , v s . , , U T A ,,,, W ,,,, 4 0 ,,,, 3 6 ,,,, 1 3 ,,,, 2 0 ,,,, 6 5 . 0 ,,,, 6 ,,,, 9 ,,,, 6 6 . 7 ,,,, 4 ,,,, 4 ,,,, 1 0 0 . 0 ,,,, 2 ,,,, 3 ,,,, 5 ,,,, 9 ,,,, 1 ,,,, 0 ,,,, 3 ,,,, 4 ,,,, 1 6
,,,, E n e s , , K a n t e r ,,,, B O S ,,,, 0 8 / 1 7 / 2 0 2 0 ,,,, B O S , , v s . , , P H I ,,,, W ,,,, 8 ,,,, 0 ,,,, 0 ,,,, 3 ,,,, 0 . 0 ,,,, 0 ,,,, 0 ,,,, - ,,,, 0 ,,,, 0 ,,,, - ,,,, 3 ,,,, 1 ,,,, 4 ,,,, 3 ,,,, 0 ,,,, 0 ,,,, 1 ,,,, 1 ,,,, - 1
,,,, M a r c , , G a s o l ,,,, T O R ,,,, 0 8 / 1 7 / 2 0 2 0 ,,,, T O R , , v s . , , B K N ,,,, W ,,,, 2 1 ,,,, 1 3 ,,,, 4 ,,,, 8 ,,,, 5 0 . 0 ,,,, 1 ,,,, 4 ,,,, 2 5 . 0 ,,,, 4 ,,,, 4 ,,,, 1 0 0 . 0 ,,,, 0 ,,,, 5 ,,,, 5 ,,,, 1 ,,,, 0 ,,,, 0 ,,,, 4 ,,,, 2 ,,,, 7
,,,, T r e y , , B u r k e ,,,, D A L ,,,, 0 8 / 1 7 / 2 0 2 0 ,,,, D A L , , @ , , L A C ,,,, L ,,,, 2 0 ,,,, 2 ,,,, 1 ,,,, 5 ,,,, 2 0 . 0 ,,,, 0 ,,,, 1 ,,,, 0 . 0 ,,,, 0 ,,,, 0 ,,,, - ,,,, 1 ,,,, 0 ,,,, 1 ,,,, 2 ,,,, 0 ,,,, 1 ,,,, 1 ,,,, 0 ,,,, 1 4
,,,, S h a k e , , M i l t o n ,,,, P H I ,,,, 0 8 / 1 7 / 2 0 2 0 ,,,, P H I , , @ , , B O S ,,,, L ,,,, 2 6 ,,,, 1 3 ,,,, 5 ,,,, 7 ,,,, 7 1 . 4 ,,,, 3 ,,,, 5 ,,,, 6 0 . 0 ,,,, 0 ,,,, 0 ,,,, - ,,,, 0 ,,,, 0 ,,,, 0 ,,,, 3 ,,,, 0 ,,,, 0 ,,,, 3 ,,,, 2 ,,,, - 7
,,,, L a n d r y , , S h a m e t ,,,, L A C ,,,, 0 8 / 1 7 / 2 0 2 0 ,,,, L A C , , v s . , , D A L ,,,, W ,,,, 8 ,,,, 0 ,,,, 0 ,,,, 1 ,,,, 0 . 0 ,,,, 0 ,,,, 1 ,,,, 0 . 0 ,,,, 0 ,,,, 0 ,,,, - ,,,, 0 ,,,, 0 ,,,, 0 ,,,, 0 ,,,, 0 ,,,, 0 ,,,, 1 ,,,, 1 ,,,, - 1 9
,,,, L u k a , , D o n c i c ,,,, D A L ,,,, 0 8 / 1 7 / 2 0 2 0 ,,,, D A L , , @ , , L A C ,,,, L ,,,, 3 8 ,,,, 4 2 ,,,, 1 3 ,,,, 2 1 ,,,, 6 1 . 9 ,,,, 2 ,,,, 6 ,,,, 3 3 . 3 ,,,, 1 4 ,,,, 1 5 ,,,, 9 3 . 3 ,,,, 0 ,,,, 7 ,,,, 7 ,,,, 9 ,,,, 3 ,,,, 0 ,,,, 1 1 ,,,, 4 ,,,, - 1 4
,,,, G a r r e t t , , T e m p l e ,,,, B K N ,,,, 0 8 / 1 7 / 2 0 2 0 ,,,, B K N , , @ , , T O R ,,,, L ,,,, 3 4 ,,,, 1 2 ,,,, 5 ,,,, 1 5 ,,,, 3 3 . 3 ,,,, 1 ,,,, 1 0 ,,,, 1 0 . 0 ,,,, 1 ,,,, 1 ,,,, 1 0 0 . 0 ,,,, 0 ,,,, 4 ,,,, 4 ,,,, 1 ,,,, 1 ,,,, 0 ,,,, 0 ,,,, 5 ,,,, - 2
,,,, R o y c e , , O ' N e a l e ,,,, U T A ,,,, 0 8 / 1 7 / 2 0 2 0 ,,,, U T A , , @ , , D E N ,,,, L ,,,, 3 2 ,,,, 3 ,,,, 1 ,,,, 6 ,,,, 1 6 . 7 ,,,, 1 ,,,, 3 ,,,, 3 3 . 3 ,,,, 0 ,,,, 0 ,,,, - ,,,, 0 ,,,, 7 ,,,, 7 ,,,, 0 ,,,, 1 ,,,, 0 ,,,, 1 ,,,, 5 ,,,, - 2 1
,,,, G o r d o n , , H a y w a r d ,,,, B O S ,,,, 0 8 / 1 7 / 2 0 2 0 ,,,, B O S , , v s . , , P H I ,,,, W ,,,, 3 4 ,,,, 1 2 ,,,, 5 ,,,, 1 3 ,,,, 3 8 . 5 ,,,, 2 ,,,, 6 ,,,, 3 3 . 3 ,,,, 0 ,,,, 0 ,,,, - ,,,, 0 ,,,, 4 ,,,, 4 ,,,, 3 ,,,, 4 ,,,, 0 ,,,, 1 ,,,, 0 ,,,, 1 0
,,,, D a n i e l , , T h e i s ,,,, B O S ,,,, 0 8 / 1 7 / 2 0 2 0 ,,,, B O S , , v s . , , P H I ,,,, W ,,,, 2 5 ,,,, 9 ,,,, 4 ,,,, 9 ,,,, 4 4 . 4 ,,,, 1 ,,,, 5 ,,,, 2 0 . 0 ,,,, 0 ,,,, 1 ,,,, 0 . 0 ,,,, 1 ,,,, 2 ,,,, 3 ,,,, 3 ,,,, 1 ,,,, 1 ,,,, 0 ,,,, 5 ,,,, 1 1
,,,, K a w h i , , L e o n a r d ,,,, L A C ,,,, 0 8 / 1 7 / 2 0 2 0 ,,,, L A C , , v s . , , D A L ,,,, W ,,,, 3 8 ,,,, 2 9 ,,,, 1 1 ,,,, 2 1 ,,,, 5 2 . 4 ,,,, 1 ,,,, 7 ,,,, 1 4 . 3 ,,,, 6 ,,,, 6 ,,,, 1 0 0 . 0 ,,,, 2 ,,,, 1 0 ,,,, 1 2 ,,,, 6 ,,,, 3 ,,,, 0 ,,,, 3 ,,,, 3 ,,,, 1 8
,,,, P a u l , , M i l l s a p ,,,, D E N ,,,, 0 8 / 1 7 / 2 0 2 0 ,,,, D E N , , v s . , , U T A ,,,, W ,,,, 2 9 ,,,, 8 ,,,, 3 ,,,, 1 0 ,,,, 3 0 . 0 ,,,, 1 ,,,, 3 ,,,, 3 3 . 3 ,,,, 1 ,,,, 2 ,,,, 5 0 . 0 ,,,, 1 ,,,, 2 ,,,, 3 ,,,, 0 ,,,, 3 ,,,, 1 ,,,, 0 ,,,, 0 ,,,, - 3
,,,, T e r e n c e , , D a v i s ,,,, T O R ,,,, 0 8 / 1 7 / 2 0 2 0 ,,,, T O R , , v s . , , B K N ,,,, W ,,,, 1 2 ,,,, 1 1 ,,,, 3 ,,,, 4 ,,,, 7 5 . 0 ,,,, 2 ,,,, 2 ,,,, 1 0 0 . 0 ,,,, 3 ,,,, 3 ,,,, 1 0 0 . 0 ,,,, 0 ,,,, 4 ,,,, 4 ,,,, 0 ,,,, 0 ,,,, 0 ,,,, 0 ,,,, 0 ,,,, 7
,,,, R o m e o , , L a n g f o r d ,,,, B O S ,,,, 0 8 / 1 7 / 2 0 2 0 ,,,, B O S , , v s . , , P H I ,,,, W ,,,, 0 ,,,, 0 ,,,, 0 ,,,, 0 ,,,, - ,,,, 0 ,,,, 0 ,,,, - ,,,, 0 ,,,, 0 ,,,, - ,,,, 0 ,,,, 0 ,,,, 0 ,,,, 0 ,,,, 0 ,,,, 0 ,,,, 0 ,,,, 0 ,,,, 0
,,,, S e t h , , C u r r y ,,,, D A L ,,,, 0 8 / 1 7 / 2 0 2 0 ,,,, D A L , , @ , , L A C ,,,, L ,,,, 3 3 ,,,, 1 4 ,,,, 5 ,,,, 1 1 ,,,, 4 5 . 5 ,,,, 4 ,,,, 8 ,,,, 5 0 . 0 ,,,, 0 ,,,, 0 ,,,, - ,,,, 0 ,,,, 3 ,,,, 3 ,,,, 0 ,,,, 2 ,,,, 0 ,,,, 1 ,,,, 3 ,,,, 1 3
,,,, D o n t a , , H a l l ,,,, B K N ,,,, 0 8 / 1 7 / 2 0 2 0 ,,,, B K N , , @ , , T O R ,,,, L ,,,, 8 ,,,, 2 ,,,, 1 ,,,, 3 ,,,, 3 3 . 3 ,,,, 0 ,,,, 0 ,,,, - ,,,, 0 ,,,, 2 ,,,, 0 . 0 ,,,, 1 ,,,, 1 ,,,, 2 ,,,, 0 ,,,, 0 ,,,, 0 ,,,, 1 ,,,, 1 ,,,, - 1 3
,,,, J o e , , H a r r i s ,,,, B K N ,,,, 0 8 / 1 7 / 2 0 2 0 ,,,, B K N , , @ , , T O R ,,,, L ,,,, 3 3 ,,,, 1 9 ,,,, 8 ,,,, 1 4 ,,,, 5 7 . 1 ,,,, 3 ,,,, 5 ,,,, 6 0 . 0 ,,,, 0 ,,,, 0 ,,,, - ,,,, 1 ,,,, 5 ,,,, 6 ,,,, 2 ,,,, 0 ,,,, 0 ,,,, 0 ,,,, 4 ,,,, - 2
,,,, D o r i a n , , F i n n e y - S m i t h ,,,, D A L ,,,, 0 8 / 1 7 / 2 0 2 0 ,,,, D A L , , @ , , L A C ,,,, L ,,,, 3 2 ,,,, 9 ,,,, 4 ,,,, 9 ,,,, 4 4 . 4 ,,,, 1 ,,,, 5 ,,,, 2 0 . 0 ,,,, 0 ,,,, 0 ,,,, - ,,,, 1 ,,,, 3 ,,,, 4 ,,,, 2 ,,,, 2 ,,,, 0 ,,,, 2 ,,,, 2 ,,,, - 1 3
,,,, C h r i s , , C h i o z z a ,,,, B K N ,,,, 0 8 / 1 7 / 2 0 2 0 ,,,, B K N , , @ , , T O R ,,,, L ,,,, 7 ,,,, 0 ,,,, 0 ,,,, 3 ,,,, 0 . 0 ,,,, 0 ,,,, 3 ,,,, 0 . 0 ,,,, 0 ,,,, 0 ,,,, - ,,,, 0 ,,,, 0 ,,,, 0 ,,,, 4 ,,,, 1 ,,,, 0 ,,,, 0 ,,,, 0 ,,,, - 1 0
,,,, M i c h a e l , , P o r t e r , , J r . ,,,, D E N ,,,, 0 8 / 1 7 / 2 0 2 0 ,,,, D E N , , v s . , , U T A ,,,, W ,,,, 3 1 ,,,, 1 3 ,,,, 5 ,,,, 1 3 ,,,, 3 8 . 5 ,,,, 3 ,,,, 7 ,,,, 4 2 . 9 ,,,, 0 ,,,, 0 ,,,, - ,,,, 1 ,,,, 7 ,,,, 8 ,,,, 1 ,,,, 0 ,,,, 1 ,,,, 1 ,,,, 3 ,,,, 4
,,,, G e o r g e s , , N i a n g ,,,, U T A ,,,, 0 8 / 1 7 / 2 0 2 0 ,,,, U T A , , @ , , D E N ,,,, L ,,,, 2 0 ,,,, 7 ,,,, 3 ,,,, 6 ,,,, 5 0 . 0 ,,,, 1 ,,,, 4 ,,,, 2 5 . 0 ,,,, 0 ,,,, 0 ,,,, - ,,,, 2 ,,,, 1 ,,,, 3 ,,,, 0 ,,,, 0 ,,,, 0 ,,,, 0 ,,,, 1 ,,,, 3
,,,, J a r r e t t , , A l l e n ,,,, B K N ,,,, 0 8 / 1 7 / 2 0 2 0 ,,,, B K N , , @ , , T O R ,,,, L ,,,, 3 4 ,,,, 1 5 ,,,, 6 ,,,, 1 0 ,,,, 6 0 . 0 ,,,, 0 ,,,, 0 ,,,, - ,,,, 3 ,,,, 4 ,,,, 7 5 . 0 ,,,, 4 ,,,, 8 ,,,, 1 2 ,,,, 1 ,,,, 1 ,,,, 1 ,,,, 4 ,,,, 3 ,,,, - 1 6
,,,, J e r e m i a h , , M a r t i n ,,,, B K N ,,,, 0 8 / 1 7 / 2 0 2 0 ,,,, B K N , , @ , , T O R ,,,, L ,,,, 9 ,,,, 5 ,,,, 2 ,,,, 4 ,,,, 5 0 . 0 ,,,, 1 ,,,, 2 ,,,, 5 0 . 0 ,,,, 0 ,,,, 0 ,,,, - ,,,, 0 ,,,, 0 ,,,, 0 ,,,, 1 ,,,, 0 ,,,, 1 ,,,, 1 ,,,, 1 ,,,, - 1 4
,,,, S e r g e , , I b a k a ,,,, T O R ,,,, 0 8 / 1 7 / 2 0 2 0 ,,,, T O R , , v s . , , B K N ,,,, W ,,,, 2 6 ,,,, 2 2 ,,,, 8 ,,,, 1 4 ,,,, 5 7 . 1 ,,,, 2 ,,,, 4 ,,,, 5 0 . 0 ,,,, 4 ,,,, 4 ,,,, 1 0 0 . 0 ,,,, 3 ,,,, 4 ,,,, 7 ,,,, 3 ,,,, 0 ,,,, 1 ,,,, 1 ,,,, 2 ,,,, 1 7
,,,, M a r c u s , , S m a r t ,,,, B O S ,,,, 0 8 / 1 7 / 2 0 2 0 ,,,, B O S , , v s . , , P H I ,,,, W ,,,, 3 2 ,,,, 2 ,,,, 0 ,,,, 5 ,,,, 0 . 0 ,,,, 0 ,,,, 3 ,,,, 0 . 0 ,,,, 2 ,,,, 2 ,,,, 1 0 0 . 0 ,,,, 0 ,,,, 1 ,,,, 1 ,,,, 1 ,,,, 2 ,,,, 0 ,,,, 1 ,,,, 1 ,,,, 0
,,,, K e m b a , , W a l k e r ,,,, B O S ,,,, 0 8 / 1 7 / 2 0 2 0 ,,,, B O S , , v s . , , P H I ,,,, W ,,,, 3 5 ,,,, 1 9 ,,,, 7 ,,,, 1 6 ,,,, 4 3 . 8 ,,,, 0 ,,,, 4 ,,,, 0 . 0 ,,,, 5 ,,,, 6 ,,,, 8 3 . 3 ,,,, 0 ,,,, 1 ,,,, 1 ,,,, 5 ,,,, 1 ,,,, 0 ,,,, 1 ,,,, 2 ,,,, 5
,,,, G o r g u i , , D i e n g ,,,, M E M ,,,, 0 8 / 1 5 / 2 0 2 0 ,,,, M E M , , @ , , P O R ,,,, L ,,,, 1 4 ,,,, 2 ,,,, 1 ,,,, 2 ,,,, 5 0 . 0 ,,,, 0 ,,,, 0 ,,,, - ,,,, 0 ,,,, 0 ,,,, - ,,,, 1 ,,,, 3 ,,,, 4 ,,,, 0 ,,,, 0 ,,,, 2 ,,,, 0 ,,,, 3 ,,,, - 1 4
,,,, M a r i o , , H e z o n j a ,,,, P O R ,,,, 0 8 / 1 5 / 2 0 2 0 ,,,, P O R , , v s . , , M E M ,,,, W ,,,, 7 ,,,, 5 ,,,, 1 ,,,, 4 ,,,, 2 5 . 0 ,,,, 1 ,,,, 4 ,,,, 2 5 . 0 ,,,, 2 ,,,, 2 ,,,, 1 0 0 . 0 ,,,, 0 ,,,, 1 ,,,, 1 ,,,, 0 ,,,, 1 ,,,, 1 ,,,, 1 ,,,, 1 ,,,, - 7
,,,, C a r m e l o , , A n t h o n y ,,,, P O R ,,,, 0 8 / 1 5 / 2 0 2 0 ,,,, P O R , , v s . , , M E M ,,,, W ,,,, 3 8 ,,,, 2 1 ,,,, 5 ,,,, 1 5 ,,,, 3 3 . 3 ,,,, 1 ,,,, 6 ,,,, 1 6 . 7 ,,,, 1 0 ,,,, 1 0 ,,,, 1 0 0 . 0 ,,,, 0 ,,,, 3 ,,,, 3 ,,,, 1 ,,,, 0 ,,,, 1 ,,,, 2 ,,,, 2 ,,,, - 4
,,,, D e ' A n t h o n y , , M e l t o n ,,,, M E M ,,,, 0 8 / 1 5 / 2 0 2 0 ,,,, M E M , , @ , , P O R ,,,, L ,,,, 1 4 ,,,, 3 ,,,, 1 ,,,, 4 ,,,, 2 5 . 0 ,,,, 1 ,,,, 1 ,,,, 1 0 0 . 0 ,,,, 0 ,,,, 0 ,,,, - ,,,, 0 ,,,, 4 ,,,, 4 ,,,, 1 ,,,, 2 ,,,, 0 ,,,, 0 ,,,, 2 ,,,, 9
,,,, H a s s a n , , W h i t e s i d e ,,,, P O R ,,,, 0 8 / 1 5 / 2 0 2 0 ,,,, P O R , , v s . , , M E M ,,,, W ,,,, 1 4 ,,,, 4 ,,,, 2 ,,,, 6 ,,,, 3 3 . 3 ,,,, 0 ,,,, 0 ,,,, - ,,,, 0 ,,,, 0 ,,,, - ,,,, 1 ,,,, 3 ,,,, 4 ,,,, 0 ,,,, 1 ,,,, 0 ,,,, 0 ,,,, 4 ,,,, - 1 3
,,,, B r a n d o n , , C l a r k e ,,,, M E M ,,,, 0 8 / 1 5 / 2 0 2 0 ,,,, M E M , , @ , , P O R ,,,, L ,,,, 2 5 ,,,, 2 0 ,,,, 8 ,,,, 1 1 ,,,, 7 2 . 7 ,,,, 4 ,,,, 5 ,,,, 8 0 . 0 ,,,, 0 ,,,, 0 ,,,, - ,,,, 2 ,,,, 2 ,,,, 4 ,,,, 3 ,,,, 0 ,,,, 2 ,,,, 1 ,,,, 2 ,,,, - 2 7
,,,, J o n a s , , V a l a n c i u n a s ,,,, M E M ,,,, 0 8 / 1 5 / 2 0 2 0 ,,,, M E M , , @ , , P O R ,,,, L ,,,, 3 4 ,,,, 2 2 ,,,, 8 ,,,, 1 6 ,,,, 5 0 . 0 ,,,, 0 ,,,, 4 ,,,, 0 . 0 ,,,, 6 ,,,, 6 ,,,, 1 0 0 . 0 ,,,, 4 ,,,, 1 3 ,,,, 1 7 ,,,, 6 ,,,, 0 ,,,, 0 ,,,, 1 ,,,, 3 ,,,, 1 2
,,,, W e n y e n , , G a b r i e l ,,,, P O R ,,,, 0 8 / 1 5 / 2 0 2 0 ,,,, P O R , , v s . , , M E M ,,,, W ,,,, 9 ,,,, 3 ,,,, 1 ,,,, 3 ,,,, 3 3 . 3 ,,,, 1 ,,,, 1 ,,,, 1 0 0 . 0 ,,,, 0 ,,,, 0 ,,,, - ,,,, 1 ,,,, 0 ,,,, 1 ,,,, 1 ,,,, 0 ,,,, 0 ,,,, 0 ,,,, 2 ,,,, 2
,,,, G r a y s o n , , A l l e n ,,,, M E M ,,,, 0 8 / 1 5 / 2 0 2 0 ,,,, M E M , , @ , , P O R ,,,, L ,,,, 2 3 ,,,, 3 ,,,, 1 ,,,, 3 ,,,, 3 3 . 3 ,,,, 0 ,,,, 1 ,,,, 0 . 0 ,,,, 1 ,,,, 2 ,,,, 5 0 . 0 ,,,, 1 ,,,, 4 ,,,, 5 ,,,, 1 ,,,, 0 ,,,, 0 ,,,, 2 ,,,, 2 ,,,, - 5
,,,, K y l e , , A n d e r s o n ,,,, M E M ,,,, 0 8 / 1 5 / 2 0 2 0 ,,,, M E M , , @ , , P O R ,,,, L ,,,, 2 7 ,,,, 1 0 ,,,, 4 ,,,, 6 ,,,, 6 6 . 7 ,,,, 1 ,,,, 1 ,,,, 1 0 0 . 0 ,,,, 1 ,,,, 1 ,,,, 1 0 0 . 0 ,,,, 1 ,,,, 5 ,,,, 6 ,,,, 9 ,,,, 2 ,,,, 1 ,,,, 6 ,,,, 3 ,,,, 1 0
,,,, J u s u f , , N u r k i c ,,,, P O R ,,,, 0 8 / 1 5 / 2 0 2 0 ,,,, P O R , , v s . , , M E M ,,,, W ,,,, 4 1 ,,,, 2 2 ,,,, 8 ,,,, 1 4 ,,,, 5 7 . 1 ,,,, 2 ,,,, 3 ,,,, 6 6 . 7 ,,,, 4 ,,,, 9 ,,,, 4 4 . 4 ,,,, 6 ,,,, 1 5 ,,,, 2 1 ,,,, 6 ,,,, 2 ,,,, 2 ,,,, 5 ,,,, 5 ,,,, 1 8
,,,, J a , , M o r a n t ,,,, M E M ,,,, 0 8 / 1 5 / 2 0 2 0 ,,,, M E M , , @ , , P O R ,,,, L ,,,, 4 2 ,,,, 3 5 ,,,, 1 3 ,,,, 2 8 ,,,, 4 6 . 4 ,,,, 3 ,,,, 6 ,,,, 5 0 . 0 ,,,, 6 ,,,, 8 ,,,, 7 5 . 0 ,,,, 1 ,,,, 3 ,,,, 4 ,,,, 8 ,,,, 0 ,,,, 0 ,,,, 8 ,,,, 1 ,,,, - 1 5
,,,, Z a c h , , C o l l i n s ,,,, P O R ,,,, 0 8 / 1 5 / 2 0 2 0 ,,,, P O R , , v s . , , M E M ,,,, W ,,,, 7 ,,,, 3 ,,,, 1 ,,,, 2 ,,,, 5 0 . 0 ,,,, 1 ,,,, 2 ,,,, 5 0 . 0 ,,,, 0 ,,,, 0 ,,,, - ,,,, 0 ,,,, 1 ,,,, 1 ,,,, 0 ,,,, 0 ,,,, 0 ,,,, 0 ,,,, 1 ,,,, 8
,,,, G a r y , , T r e n t , , J r . ,,,, P O R ,,,, 0 8 / 1 5 / 2 0 2 0 ,,,, P O R , , v s . , , M E M ,,,, W ,,,, 3 5 ,,,, 8 ,,,, 3 ,,,, 6 ,,,, 5 0 . 0 ,,,, 1 ,,,, 3 ,,,, 3 3 . 3 ,,,, 1 ,,,, 2 ,,,, 5 0 . 0 ,,,, 1 ,,,, 2 ,,,, 3 ,,,, 1 ,,,, 5 ,,,, 2 ,,,, 2 ,,,, 1 ,,,, 1
,,,, D a m i a n , , L i l l a r d ,,,, P O R ,,,, 0 8 / 1 5 / 2 0 2 0 ,,,, P O R , , v s . , , M E M ,,,, W ,,,, 4 5 ,,,, 3 1 ,,,, 6 ,,,, 1 5 ,,,, 4 0 . 0 ,,,, 5 ,,,, 1 4 ,,,, 3 5 . 7 ,,,, 1 4 ,,,, 1 4 ,,,, 1 0 0 . 0 ,,,, 0 ,,,, 2 ,,,, 2 ,,,, 1 0 ,,,, 1 ,,,, 0 ,,,, 1 ,,,, 2 ,,,, 1 7
,,,, A n t h o n y , , T o l l i v e r ,,,, M E M ,,,, 0 8 / 1 5 / 2 0 2 0 ,,,, M E M , , @ , , P O R ,,,, L ,,,, 2 3 ,,,, 7 ,,,, 2 ,,,, 4 ,,,, 5 0 . 0 ,,,, 1 ,,,, 2 ,,,, 5 0 . 0 ,,,, 2 ,,,, 2 ,,,, 1 0 0 . 0 ,,,, 1 ,,,, 2 ,,,, 3 ,,,, 0 ,,,, 0 ,,,, 1 ,,,, 0 ,,,, 6 ,,,, 2 1
,,,, D i l l o n , , B r o o k s ,,,, M E M ,,,, 0 8 / 1 5 / 2 0 2 0 ,,,, M E M , , @ , , P O R ,,,, L ,,,, 3 8 ,,,, 2 0 ,,,, 7 ,,,, 1 8 ,,,, 3 8 . 9 ,,,, 4 ,,,, 5 ,,,, 8 0 . 0 ,,,, 2 ,,,, 3 ,,,, 6 6 . 7 ,,,, 1 ,,,, 1 ,,,, 2 ,,,, 2 ,,,, 1 ,,,, 0 ,,,, 0 ,,,, 3 ,,,, - 1 1
,,,, C J , , M c C o l l u m ,,,, P O R ,,,, 0 8 / 1 5 / 2 0 2 0 ,,,, P O R , , v s . , , M E M ,,,, W ,,,, 4 4 ,,,, 2 9 ,,,, 1 1 ,,,, 1 9 ,,,, 5 7 . 9 ,,,, 3 ,,,, 7 ,,,, 4 2 . 9 ,,,, 4 ,,,, 4 ,,,, 1 0 0 . 0 ,,,, 0 ,,,, 3 ,,,, 3 ,,,, 1 ,,,, 2 ,,,, 1 ,,,, 2 ,,,, 1 ,,,, - 2
,,,, J o s h , , R i c h a r d s o n ,,,, P H I ,,,, 0 8 / 1 4 / 2 0 2 0 ,,,, P H I , , @ , , H O U ,,,, W ,,,, 2 3 ,,,, 5 ,,,, 2 ,,,, 4 ,,,, 5 0 . 0 ,,,, 1 ,,,, 2 ,,,, 5 0 . 0 ,,,, 0 ,,,, 0 ,,,, - ,,,, 0 ,,,, 1 ,,,, 1 ,,,, 1 ,,,, 0 ,,,, 0 ,,,, 0 ,,,, 2 ,,,, 0
,,,, N o r v e l , , P e l l e ,,,, P H I ,,,, 0 8 / 1 4 / 2 0 2 0 ,,,, P H I , , @ , , H O U ,,,, W ,,,, 9 ,,,, 6 ,,,, 3 ,,,, 4 ,,,, 7 5 . 0 ,,,, 0 ,,,, 1 ,,,, 0 . 0 ,,,, 0 ,,,, 0 ,,,, - ,,,, 0 ,,,, 2 ,,,, 2 ,,,, 0 ,,,, 0 ,,,, 0 ,,,, 1 ,,,, 2 ,,,, 0
,,,, A m i r , , C o f f e y ,,,, L A C ,,,, 0 8 / 1 4 / 2 0 2 0 ,,,, L A C , , v s . , , O K C ,,,, W ,,,, 5 0 ,,,, 2 1 ,,,, 7 ,,,, 1 7 ,,,, 4 1 . 2 ,,,, 2 ,,,, 8 ,,,, 2 5 . 0 ,,,, 5 ,,,, 8 ,,,, 6 2 . 5 ,,,, 0 ,,,, 2 ,,,, 2 ,,,, 4 ,,,, 4 ,,,, 1 ,,,, 2 ,,,, 6 ,,,, 1 1
,,,, S h a i , , G i l g e o u s - A l e x a n d e r ,,,, O K C ,,,, 0 8 / 1 4 / 2 0 2 0 ,,,, O K C , , @ , , L A C ,,,, L ,,,, 1 4 ,,,, 1 3 ,,,, 6 ,,,, 1 0 ,,,, 6 0 . 0 ,,,, 0 ,,,, 1 ,,,, 0 . 0 ,,,, 1 ,,,, 1 ,,,, 1 0 0 . 0 ,,,, 0 ,,,, 4 ,,,, 4 ,,,, 0 ,,,, 1 ,,,, 0 ,,,, 3 ,,,, 0 ,,,, 1 2
,,,, J u s t i n , , H o l i d a y ,,,, I N D ,,,, 0 8 / 1 4 / 2 0 2 0 ,,,, I N D , , v s . , , M I A ,,,, W ,,,, 2 4 ,,,, 1 1 ,,,, 3 ,,,, 5 ,,,, 6 0 . 0 ,,,, 3 ,,,, 5 ,,,, 6 0 . 0 ,,,, 2 ,,,, 2 ,,,, 1 0 0 . 0 ,,,, 0 ,,,, 7 ,,,, 7 ,,,, 0 ,,,, 1 ,,,, 0 ,,,, 2 ,,,, 3 ,,,, 7
,,,, T o r r e y , , C r a i g ,,,, D E N ,,,, 0 8 / 1 4 / 2 0 2 0 ,,,, D E N , , @ , , T O R ,,,, L ,,,, 1 5 ,,,, 3 ,,,, 1 ,,,, 6 ,,,, 1 6 . 7 ,,,, 1 ,,,, 3 ,,,, 3 3 . 3 ,,,, 0 ,,,, 0 ,,,, - ,,,, 1 ,,,, 3 ,,,, 4 ,,,, 3 ,,,, 0 ,,,, 0 ,,,, 1 ,,,, 0 ,,,, - 6
,,,, A l , , H o r f o r d ,,,, P H I ,,,, 0 8 / 1 4 / 2 0 2 0 ,,,, P H I , , @ , , H O U ,,,, W ,,,, 2 2 ,,,, 1 0 ,,,, 4 ,,,, 7 ,,,, 5 7 . 1 ,,,, 2 ,,,, 3 ,,,, 6 6 . 7 ,,,, 0 ,,,, 0 ,,,, - ,,,, 0 ,,,, 3 ,,,, 3 ,,,, 4 ,,,, 0 ,,,, 0 ,,,, 3 ,,,, 3 ,,,, 0
,,,, E r i c , , G o r d o n ,,,, H O U ,,,, 0 8 / 1 4 / 2 0 2 0 ,,,, H O U , , v s . , , P H I ,,,, L ,,,, 2 3 ,,,, 1 3 ,,,, 4 ,,,, 1 0 ,,,, 4 0 . 0 ,,,, 3 ,,,, 6 ,,,, 5 0 . 0 ,,,, 2 ,,,, 2 ,,,, 1 0 0 . 0 ,,,, 0 ,,,, 2 ,,,, 2 ,,,, 2 ,,,, 0 ,,,, 1 ,,,, 1 ,,,, 1 ,,,, - 1 2
,,,, J a m e s , , H a r d e n ,,,, H O U ,,,, 0 8 / 1 4 / 2 0 2 0 ,,,, H O U , , v s . , , P H I ,,,, L ,,,, 2 6 ,,,, 2 7 ,,,, 9 ,,,, 1 6 ,,,, 5 6 . 3 ,,,, 4 ,,,, 9 ,,,, 4 4 . 4 ,,,, 5 ,,,, 5 ,,,, 1 0 0 . 0 ,,,, 0 ,,,, 3 ,,,, 3 ,,,, 1 0 ,,,, 1 ,,,, 2 ,,,, 7 ,,,, 1 ,,,, - 1 1
,,,, M a t i s s e , , T h y b u l l e ,,,, P H I ,,,, 0 8 / 1 4 / 2 0 2 0 ,,,, P H I , , @ , , H O U ,,,, W ,,,, 1 8 ,,,, 7 ,,,, 3 ,,,, 4 ,,,, 7 5 . 0 ,,,, 1 ,,,, 2 ,,,, 5 0 . 0 ,,,, 0 ,,,, 0 ,,,, - ,,,, 1 ,,,, 1 ,,,, 2 ,,,, 1 ,,,, 4 ,,,, 2 ,,,, 1 ,,,, 1 ,,,, 3 6
,,,, N o r m a n , , P o w e l l ,,,, T O R ,,,, 0 8 / 1 4 / 2 0 2 0 ,,,, T O R , , v s . , , D E N ,,,, W ,,,, 2 3 ,,,, 1 5 ,,,, 6 ,,,, 9 ,,,, 6 6 . 7 ,,,, 3 ,,,, 5 ,,,, 6 0 . 0 ,,,, 0 ,,,, 0 ,,,, - ,,,, 1 ,,,, 5 ,,,, 6 ,,,, 2 ,,,, 1 ,,,, 1 ,,,, 3 ,,,, 2 ,,,, - 3
,,,, A l i z e , , J o h n s o n ,,,, I N D ,,,, 0 8 / 1 4 / 2 0 2 0 ,,,, I N D , , v s . , , M I A ,,,, W ,,,, 3 8 ,,,, 1 1 ,,,, 3 ,,,, 8 ,,,, 3 7 . 5 ,,,, 2 ,,,, 5 ,,,, 4 0 . 0 ,,,, 3 ,,,, 4 ,,,, 7 5 . 0 ,,,, 7 ,,,, 1 0 ,,,, 1 7 ,,,, 4 ,,,, 0 ,,,, 1 ,,,, 3 ,,,, 3 ,,,, 1 0
,,,, N o a h , , V o n l e h ,,,, D E N ,,,, 0 8 / 1 4 / 2 0 2 0 ,,,, D E N , , @ , , T O R ,,,, L ,,,, 7 ,,,, 2 ,,,, 1 ,,,, 2 ,,,, 5 0 . 0 ,,,, 0 ,,,, 0 ,,,, - ,,,, 0 ,,,, 0 ,,,, - ,,,, 0 ,,,, 0 ,,,, 0 ,,,, 1 ,,,, 0 ,,,, 0 ,,,, 0 ,,,, 0 ,,,, 0
,,,, J e f f , , G r e e n ,,,, H O U ,,,, 0 8 / 1 4 / 2 0 2 0 ,,,, H O U , , v s . , , P H I ,,,, L ,,,, 2 5 ,,,, 1 7 ,,,, 8 ,,,, 1 0 ,,,, 8 0 . 0 ,,,, 0 ,,,, 2 ,,,, 0 . 0 ,,,, 1 ,,,, 1 ,,,, 1 0 0 . 0 ,,,, 0 ,,,, 0 ,,,, 0 ,,,, 4 ,,,, 1 ,,,, 1 ,,,, 0 ,,,, 4 ,,,, - 7
,,,, A n d r e , , R o b e r s o n ,,,, O K C ,,,, 0 8 / 1 4 / 2 0 2 0 ,,,, O K C , , @ , , L A C ,,,, L ,,,, 2 8 ,,,, 3 ,,,, 1 ,,,, 9 ,,,, 1 1 . 1 ,,,, 0 ,,,, 6 ,,,, 0 . 0 ,,,, 1 ,,,, 2 ,,,, 5 0 . 0 ,,,, 1 ,,,, 4 ,,,, 5 ,,,, 2 ,,,, 0 ,,,, 1 ,,,, 0 ,,,, 4 ,,,, 6
,,,, R a u l , , N e t o ,,,, P H I ,,,, 0 8 / 1 4 / 2 0 2 0 ,,,, P H I , , @ , , H O U ,,,, W ,,,, 1 9 ,,,, 1 4 ,,,, 4 ,,,, 8 ,,,, 5 0 . 0 ,,,, 1 ,,,, 3 ,,,, 3 3 . 3 ,,,, 5 ,,,, 7 ,,,, 7 1 . 4 ,,,, 0 ,,,, 3 ,,,, 3 ,,,, 5 ,,,, 0 ,,,, 0 ,,,, 0 ,,,, 0 ,,,, 2 0
,,,, M a t t , , T h o m a s ,,,, T O R ,,,, 0 8 / 1 4 / 2 0 2 0 ,,,, T O R , , v s . , , D E N ,,,, W ,,,, 2 8 ,,,, 1 2 ,,,, 4 ,,,, 6 ,,,, 6 6 . 7 ,,,, 2 ,,,, 3 ,,,, 6 6 . 7 ,,,, 2 ,,,, 2 ,,,, 1 0 0 . 0 ,,,, 1 ,,,, 2 ,,,, 3 ,,,, 2 ,,,, 1 ,,,, 0 ,,,, 2 ,,,, 4 ,,,, 7
,,,, T e r e n c e , , D a v i s ,,,, T O R ,,,, 0 8 / 1 4 / 2 0 2 0 ,,,, T O R , , v s . , , D E N ,,,, W ,,,, 3 4 ,,,, 1 4 ,,,, 5 ,,,, 1 5 ,,,, 3 3 . 3 ,,,, 2 ,,,, 6 ,,,, 3 3 . 3 ,,,, 2 ,,,, 2 ,,,, 1 0 0 . 0 ,,,, 1 ,,,, 5 ,,,, 6 ,,,, 3 ,,,, 2 ,,,, 0 ,,,, 3 ,,,, 2 ,,,, 6
,,,, M a l c o l m , , M i l l e r ,,,, T O R ,,,, 0 8 / 1 4 / 2 0 2 0 ,,,, T O R , , v s . , , D E N ,,,, W ,,,, 2 6 ,,,, 1 0 ,,,, 4 ,,,, 5 ,,,, 8 0 . 0 ,,,, 2 ,,,, 3 ,,,, 6 6 . 7 ,,,, 0 ,,,, 0 ,,,, - ,,,, 1 ,,,, 0 ,,,, 1 ,,,, 3 ,,,, 1 ,,,, 0 ,,,, 0 ,,,, 4 ,,,, 3
,,,, B e n , , M c L e m o r e ,,,, H O U ,,,, 0 8 / 1 4 / 2 0 2 0 ,,,, H O U , , v s . , , P H I ,,,, L ,,,, 1 1 ,,,, 3 ,,,, 1 ,,,, 4 ,,,, 2 5 . 0 ,,,, 1 ,,,, 3 ,,,, 3 3 . 3 ,,,, 0 ,,,, 0 ,,,, - ,,,, 0 ,,,, 2 ,,,, 2 ,,,, 1 ,,,, 1 ,,,, 0 ,,,, 0 ,,,, 0 ,,,, - 1 7
,,,, J a m a l , , M u r r a y ,,,, D E N ,,,, 0 8 / 1 4 / 2 0 2 0 ,,,, D E N , , @ , , T O R ,,,, L ,,,, 1 0 ,,,, 1 1 ,,,, 4 ,,,, 5 ,,,, 8 0 . 0 ,,,, 3 ,,,, 3 ,,,, 1 0 0 . 0 ,,,, 0 ,,,, 0 ,,,, - ,,,, 0 ,,,, 0 ,,,, 0 ,,,, 1 ,,,, 1 ,,,, 0 ,,,, 0 ,,,, 2 ,,,, - 6
,,,, J o e l , , E m b i i d ,,,, P H I ,,,, 0 8 / 1 4 / 2 0 2 0 ,,,, P H I , , @ , , H O U ,,,, W ,,,, 2 3 ,,,, 1 4 ,,,, 6 ,,,, 1 2 ,,,, 5 0 . 0 ,,,, 0 ,,,, 0 ,,,, - ,,,, 2 ,,,, 3 ,,,, 6 6 . 7 ,,,, 2 ,,,, 4 ,,,, 6 ,,,, 1 ,,,, 1 ,,,, 1 ,,,, 5 ,,,, 5 ,,,, 9
,,,, M a r i a l , , S h a y o k ,,,, P H I ,,,, 0 8 / 1 4 / 2 0 2 0 ,,,, P H I , , @ , , H O U ,,,, W ,,,, 8 ,,,, 5 ,,,, 1 ,,,, 4 ,,,, 2 5 . 0 ,,,, 1 ,,,, 3 ,,,, 3 3 . 3 ,,,, 2 ,,,, 2 ,,,, 1 0 0 . 0 ,,,, 1 ,,,, 1 ,,,, 2 ,,,, 0 ,,,, 0 ,,,, 0 ,,,, 1 ,,,, 1 ,,,, 4
,,,, T e r r a n c e , , F e r g u s o n ,,,, O K C ,,,, 0 8 / 1 4 / 2 0 2 0 ,,,, O K C , , @ , , L A C ,,,, L ,,,, 1 7 ,,,, 0 ,,,, 0 ,,,, 2 ,,,, 0 . 0 ,,,, 0 ,,,, 2 ,,,, 0 . 0 ,,,, 0 ,,,, 0 ,,,, - ,,,, 0 ,,,, 1 ,,,, 1 ,,,, 0 ,,,, 0 ,,,, 0 ,,,, 0 ,,,, 4 ,,,, - 1 3
,,,, B r u n o , , C a b o c l o ,,,, H O U ,,,, 0 8 / 1 4 / 2 0 2 0 ,,,, H O U , , v s . , , P H I ,,,, L ,,,, 1 7 ,,,, 1 1 ,,,, 4 ,,,, 9 ,,,, 4 4 . 4 ,,,, 1 ,,,, 4 ,,,, 2 5 . 0 ,,,, 2 ,,,, 2 ,,,, 1 0 0 . 0 ,,,, 1 ,,,, 5 ,,,, 6 ,,,, 0 ,,,, 2 ,,,, 1 ,,,, 4 ,,,, 2 ,,,, - 2 3
,,,, T y l e r , , C o o k ,,,, D E N ,,,, 0 8 / 1 4 / 2 0 2 0 ,,,, D E N , , @ , , T O R ,,,, L ,,,, 1 6 ,,,, 4 ,,,, 1 ,,,, 2 ,,,, 5 0 . 0 ,,,, 0 ,,,, 0 ,,,, - ,,,, 2 ,,,, 2 ,,,, 1 0 0 . 0 ,,,, 2 ,,,, 2 ,,,, 4 ,,,, 0 ,,,, 2 ,,,, 0 ,,,, 2 ,,,, 1 ,,,, - 3
,,,, R o d n e y , , M c G r u d e r ,,,, L A C ,,,, 0 8 / 1 4 / 2 0 2 0 ,,,, L A C , , v s . , , O K C ,,,, W ,,,, 5 1 ,,,, 9 ,,,, 2 ,,,, 1 1 ,,,, 1 8 . 2 ,,,, 1 ,,,, 5 ,,,, 2 0 . 0 ,,,, 4 ,,,, 6 ,,,, 6 6 . 7 ,,,, 3 ,,,, 8 ,,,, 1 1 ,,,, 2 ,,,, 2 ,,,, 0 ,,,, 2 ,,,, 0 ,,,, 0
,,,, K e l l y , , O l y n y k ,,,, M I A ,,,, 0 8 / 1 4 / 2 0 2 0 ,,,, M I A , , @ , , I N D ,,,, L ,,,, 2 0 ,,,, 6 ,,,, 2 ,,,, 9 ,,,, 2 2 . 2 ,,,, 2 ,,,, 8 ,,,, 2 5 . 0 ,,,, 0 ,,,, 0 ,,,, - ,,,, 0 ,,,, 6 ,,,, 6 ,,,, 0 ,,,, 0 ,,,, 1 ,,,, 0 ,,,, 0 ,,,, - 9
,,,, M a l c o l m , , B r o g d o n ,,,, I N D ,,,, 0 8 / 1 4 / 2 0 2 0 ,,,, I N D , , v s . , , M I A ,,,, W ,,,, 2 5 ,,,, 1 6 ,,,, 6 ,,,, 1 4 ,,,, 4 2 . 9 ,,,, 4 ,,,, 7 ,,,, 5 7 . 1 ,,,, 0 ,,,, 0 ,,,, - ,,,, 2 ,,,, 4 ,,,, 6 ,,,, 6 ,,,, 0 ,,,, 0 ,,,, 3 ,,,, 3 ,,,, 5
,,,, E d m o n d , , S u m n e r ,,,, I N D ,,,, 0 8 / 1 4 / 2 0 2 0 ,,,, I N D , , v s . , , M I A ,,,, W ,,,, 3 1 ,,,, 7 ,,,, 3 ,,,, 7 ,,,, 4 2 . 9 ,,,, 0 ,,,, 3 ,,,, 0 . 0 ,,,, 1 ,,,, 1 ,,,, 1 0 0 . 0 ,,,, 0 ,,,, 2 ,,,, 2 ,,,, 6 ,,,, 0 ,,,, 0 ,,,, 2 ,,,, 4 ,,,, 1 5
,,,, T . J . , , M c C o n n e l l ,,,, I N D ,,,, 0 8 / 1 4 / 2 0 2 0 ,,,, I N D , , v s . , , M I A ,,,, W ,,,, 2 1 ,,,, 8 ,,,, 4 ,,,, 8 ,,,, 5 0 . 0 ,,,, 0 ,,,, 0 ,,,, - ,,,, 0 ,,,, 0 ,,,, - ,,,, 0 ,,,, 3 ,,,, 3 ,,,, 8 ,,,, 1 ,,,, 0 ,,,, 2 ,,,, 2 ,,,, 1 2
,,,, R o b e r t , , C o v i n g t o n ,,,, H O U ,,,, 0 8 / 1 4 / 2 0 2 0 ,,,, H O U , , v s . , , P H I ,,,, L ,,,, 2 4 ,,,, 5 ,,,, 1 ,,,, 4 ,,,, 2 5 . 0 ,,,, 1 ,,,, 4 ,,,, 2 5 . 0 ,,,, 2 ,,,, 2 ,,,, 1 0 0 . 0 ,,,, 0 ,,,, 5 ,,,, 5 ,,,, 1 ,,,, 2 ,,,, 2 ,,,, 1 ,,,, 1 ,,,, - 3
,,,, T y l e r , , H e r r o ,,,, M I A ,,,, 0 8 / 1 4 / 2 0 2 0 ,,,, M I A , , @ , , I N D ,,,, L ,,,, 2 8 ,,,, 1 6 ,,,, 6 ,,,, 1 6 ,,,, 3 7 . 5 ,,,, 3 ,,,, 8 ,,,, 3 7 . 5 ,,,, 1 ,,,, 1 ,,,, 1 0 0 . 0 ,,,, 1 ,,,, 0 ,,,, 1 ,,,, 3 ,,,, 0 ,,,, 0 ,,,, 3 ,,,, 2 ,,,, - 1 0
,,,, P . J . , , T u c k e r ,,,, H O U ,,,, 0 8 / 1 4 / 2 0 2 0 ,,,, H O U , , v s . , , P H I ,,,, L ,,,, 2 9 ,,,, 7 ,,,, 3 ,,,, 6 ,,,, 5 0 . 0 ,,,, 1 ,,,, 4 ,,,, 2 5 . 0 ,,,, 0 ,,,, 0 ,,,, - ,,,, 0 ,,,, 1 ,,,, 1 ,,,, 2 ,,,, 0 ,,,, 1 ,,,, 0 ,,,, 2 ,,,, - 1 2
,,,, L u c , , M b a h , , a , , M o u t e ,,,, H O U ,,,, 0 8 / 1 4 / 2 0 2 0 ,,,, H O U , , v s . , , P H I ,,,, L ,,,, 1 4 ,,,, 3 ,,,, 1 ,,,, 3 ,,,, 3 3 . 3 ,,,, 0 ,,,, 2 ,,,, 0 . 0 ,,,, 1 ,,,, 2 ,,,, 5 0 . 0 ,,,, 0 ,,,, 1 ,,,, 1 ,,,, 0 ,,,, 0 ,,,, 0 ,,,, 0 ,,,, 0 ,,,, - 1 4
,,,, D e o n t e , , B u r t o n ,,,, O K C ,,,, 0 8 / 1 4 / 2 0 2 0 ,,,, O K C , , @ , , L A C ,,,, L ,,,, 3 0 ,,,, 6 ,,,, 3 ,,,, 1 1 ,,,, 2 7 . 3 ,,,, 0 ,,,, 4 ,,,, 0 . 0 ,,,, 0 ,,,, 0 ,,,, - ,,,, 1 ,,,, 5 ,,,, 6 ,,,, 5 ,,,, 0 ,,,, 0 ,,,, 4 ,,,, 2 ,,,, 0
,,,, T J , , L e a f ,,,, I N D ,,,, 0 8 / 1 4 / 2 0 2 0 ,,,, I N D , , v s . , , M I A ,,,, W ,,,, 1 8 ,,,, 6 ,,,, 3 ,,,, 9 ,,,, 3 3 . 3 ,,,, 0 ,,,, 2 ,,,, 0 . 0 ,,,, 0 ,,,, 1 ,,,, 0 . 0 ,,,, 0 ,,,, 3 ,,,, 3 ,,,, 1 ,,,, 2 ,,,, 0 ,,,, 0 ,,,, 2 ,,,, 1 0
,,,, C h r i s , , B o u c h e r ,,,, T O R ,,,, 0 8 / 1 4 / 2 0 2 0 ,,,, T O R , , v s . , , D E N ,,,, W ,,,, 2 2 ,,,, 9 ,,,, 3 ,,,, 8 ,,,, 3 7 . 5 ,,,, 1 ,,,, 3 ,,,, 3 3 . 3 ,,,, 2 ,,,, 3 ,,,, 6 6 . 7 ,,,, 4 ,,,, 5 ,,,, 9 ,,,, 0 ,,,, 0 ,,,, 1 ,,,, 1 ,,,, 2 ,,,, 5
,,,, A l e c , , B u r k s ,,,, P H I ,,,, 0 8 / 1 4 / 2 0 2 0 ,,,, P H I , , @ , , H O U ,,,, W ,,,, 2 2 ,,,, 1 6 ,,,, 6 ,,,, 1 1 ,,,, 5 4 . 5 ,,,, 4 ,,,, 6 ,,,, 6 6 . 7 ,,,, 0 ,,,, 0 ,,,, - ,,,, 2 ,,,, 3 ,,,, 5 ,,,, 5 ,,,, 2 ,,,, 0 ,,,, 0 ,,,, 0 ,,,, 3 7
,,,, M a s o n , , P l u m l e e ,,,, D E N ,,,, 0 8 / 1 4 / 2 0 2 0 ,,,, D E N , , @ , , T O R ,,,, L ,,,, 2 0 ,,,, 1 0 ,,,, 4 ,,,, 6 ,,,, 6 6 . 7 ,,,, 0 ,,,, 0 ,,,, - ,,,, 2 ,,,, 3 ,,,, 6 6 . 7 ,,,, 1 ,,,, 2 ,,,, 3 ,,,, 2 ,,,, 0 ,,,, 4 ,,,, 0 ,,,, 2 ,,,, - 3
,,,, K y l e , , A l e x a n d e r ,,,, M I A ,,,, 0 8 / 1 4 / 2 0 2 0 ,,,, M I A , , @ , , I N D ,,,, L ,,,, 1 2 ,,,, 2 ,,,, 1 ,,,, 1 ,,,, 1 0 0 . 0 ,,,, 0 ,,,, 0 ,,,, - ,,,, 0 ,,,, 0 ,,,, - ,,,, 1 ,,,, 1 ,,,, 2 ,,,, 0 ,,,, 0 ,,,, 0 ,,,, 1 ,,,, 1 ,,,, - 3
,,,, D e r r i c k , , J o n e s , , J r . ,,,, M I A ,,,, 0 8 / 1 4 / 2 0 2 0 ,,,, M I A , , @ , , I N D ,,,, L ,,,, 1 6 ,,,, 3 ,,,, 1 ,,,, 2 ,,,, 5 0 . 0 ,,,, 0 ,,,, 0 ,,,, - ,,,, 1 ,,,, 2 ,,,, 5 0 . 0 ,,,, 2 ,,,, 0 ,,,, 2 ,,,, 2 ,,,, 2 ,,,, 0 ,,,, 0 ,,,, 2 ,,,, - 2
,,,, T o b i a s , , H a r r i s ,,,, P H I ,,,, 0 8 / 1 4 / 2 0 2 0 ,,,, P H I , , @ , , H O U ,,,, W ,,,, 2 4 ,,,, 1 8 ,,,, 6 ,,,, 1 0 ,,,, 6 0 . 0 ,,,, 2 ,,,, 3 ,,,, 6 6 . 7 ,,,, 4 ,,,, 4 ,,,, 1 0 0 . 0 ,,,, 0 ,,,, 7 ,,,, 7 ,,,, 4 ,,,, 1 ,,,, 0 ,,,, 0 ,,,, 0 ,,,, 2
,,,, J a M y c h a l , , G r e e n ,,,, L A C ,,,, 0 8 / 1 4 / 2 0 2 0 ,,,, L A C , , v s . , , O K C ,,,, W ,,,, 2 7 ,,,, 1 3 ,,,, 5 ,,,, 1 1 ,,,, 4 5 . 5 ,,,, 3 ,,,, 6 ,,,, 5 0 . 0 ,,,, 0 ,,,, 0 ,,,, - ,,,, 0 ,,,, 8 ,,,, 8 ,,,, 0 ,,,, 1 ,,,, 0 ,,,, 3 ,,,, 3 ,,,, - 2
,,,, I v i c a , , Z u b a c ,,,, L A C ,,,, 0 8 / 1 4 / 2 0 2 0 ,,,, L A C , , v s . , , O K C ,,,, W ,,,, 1 1 ,,,, 6 ,,,, 2 ,,,, 3 ,,,, 6 6 . 7 ,,,, 0 ,,,, 0 ,,,, - ,,,, 2 ,,,, 2 ,,,, 1 0 0 . 0 ,,,, 1 ,,,, 3 ,,,, 4 ,,,, 0 ,,,, 0 ,,,, 1 ,,,, 1 ,,,, 1 ,,,, 8
,,,, S t a n l e y , , J o h n s o n ,,,, T O R ,,,, 0 8 / 1 4 / 2 0 2 0 ,,,, T O R , , v s . , , D E N ,,,, W ,,,, 2 9 ,,,, 2 3 ,,,, 9 ,,,, 1 6 ,,,, 5 6 . 3 ,,,, 4 ,,,, 8 ,,,, 5 0 . 0 ,,,, 1 ,,,, 3 ,,,, 3 3 . 3 ,,,, 0 ,,,, 4 ,,,, 4 ,,,, 6 ,,,, 1 ,,,, 1 ,,,, 5 ,,,, 5 ,,,, 5
,,,, D a r i u s , , B a z l e y ,,,, O K C ,,,, 0 8 / 1 4 / 2 0 2 0 ,,,, O K C , , @ , , L A C ,,,, L ,,,, 3 1 ,,,, 9 ,,,, 3 ,,,, 1 2 ,,,, 2 5 . 0 ,,,, 2 ,,,, 5 ,,,, 4 0 . 0 ,,,, 1 ,,,, 3 ,,,, 3 3 . 3 ,,,, 1 ,,,, 7 ,,,, 8 ,,,, 1 ,,,, 0 ,,,, 2 ,,,, 1 ,,,, 0 ,,,, 7
,,,, P a t r i c k , , P a t t e r s o n ,,,, L A C ,,,, 0 8 / 1 4 / 2 0 2 0 ,,,, L A C , , v s . , , O K C ,,,, W ,,,, 3 9 ,,,, 1 7 ,,,, 4 ,,,, 1 6 ,,,, 2 5 . 0 ,,,, 4 ,,,, 1 1 ,,,, 3 6 . 4 ,,,, 5 ,,,, 6 ,,,, 8 3 . 3 ,,,, 3 ,,,, 1 1 ,,,, 1 4 ,,,, 0 ,,,, 0 ,,,, 0 ,,,, 2 ,,,, 3 ,,,, - 6
,,,, R e g g i e , , J a c k s o n ,,,, L A C ,,,, 0 8 / 1 4 / 2 0 2 0 ,,,, L A C , , v s . , , O K C ,,,, W ,,,, 1 6 ,,,, 7 ,,,, 2 ,,,, 8 ,,,, 2 5 . 0 ,,,, 1 ,,,, 4 ,,,, 2 5 . 0 ,,,, 2 ,,,, 2 ,,,, 1 0 0 . 0 ,,,, 0 ,,,, 2 ,,,, 2 ,,,, 3 ,,,, 0 ,,,, 0 ,,,, 3 ,,,, 3 ,,,, 8
,,,, M i k e , , M u s c a l a ,,,, O K C ,,,, 0 8 / 1 4 / 2 0 2 0 ,,,, O K C , , @ , , L A C ,,,, L ,,,, 1 4 ,,,, 3 ,,,, 1 ,,,, 3 ,,,, 3 3 . 3 ,,,, 1 ,,,, 3 ,,,, 3 3 . 3 ,,,, 0 ,,,, 0 ,,,, - ,,,, 0 ,,,, 1 ,,,, 1 ,,,, 0 ,,,, 0 ,,,, 1 ,,,, 0 ,,,, 1 ,,,, - 8
,,,, P a u l , , M i l l s a p ,,,, D E N ,,,, 0 8 / 1 4 / 2 0 2 0 ,,,, D E N , , @ , , T O R ,,,, L ,,,, 1 6 ,,,, 1 0 ,,,, 4 ,,,, 8 ,,,, 5 0 . 0 ,,,, 2 ,,,, 3 ,,,, 6 6 . 7 ,,,, 0 ,,,, 0 ,,,, - ,,,, 1 ,,,, 2 ,,,, 3 ,,,, 2 ,,,, 2 ,,,, 1 ,,,, 1 ,,,, 2 ,,,, - 4
,,,, P J , , D o z i e r ,,,, D E N ,,,, 0 8 / 1 4 / 2 0 2 0 ,,,, D E N , , @ , , T O R ,,,, L ,,,, 3 1 ,,,, 2 0 ,,,, 6 ,,,, 9 ,,,, 6 6 . 7 ,,,, 5 ,,,, 6 ,,,, 8 3 . 3 ,,,, 3 ,,,, 3 ,,,, 1 0 0 . 0 ,,,, 0 ,,,, 5 ,,,, 5 ,,,, 8 ,,,, 2 ,,,, 0 ,,,, 1 ,,,, 0 ,,,, - 5
,,,, U d o n i s , , H a s l e m ,,,, M I A ,,,, 0 8 / 1 4 / 2 0 2 0 ,,,, M I A , , @ , , I N D ,,,, L ,,,, 2 4 ,,,, 7 ,,,, 3 ,,,, 5 ,,,, 6 0 . 0 ,,,, 1 ,,,, 1 ,,,, 1 0 0 . 0 ,,,, 0 ,,,, 0 ,,,, - ,,,, 1 ,,,, 7 ,,,, 8 ,,,, 0 ,,,, 0 ,,,, 0 ,,,, 1 ,,,, 3 ,,,, - 5
,,,, C h r i s , , C l e m o n s ,,,, H O U ,,,, 0 8 / 1 4 / 2 0 2 0 ,,,, H O U , , v s . , , P H I ,,,, L ,,,, 1 7 ,,,, 4 ,,,, 2 ,,,, 7 ,,,, 2 8 . 6 ,,,, 0 ,,,, 5 ,,,, 0 . 0 ,,,, 0 ,,,, 0 ,,,, - ,,,, 0 ,,,, 1 ,,,, 1 ,,,, 4 ,,,, 1 ,,,, 1 ,,,, 1 ,,,, 4 ,,,, - 2 3
,,,, R o n d a e , , H o l l i s - J e f f e r s o n ,,,, T O R ,,,, 0 8 / 1 4 / 2 0 2 0 ,,,, T O R , , v s . , , D E N ,,,, W ,,,, 2 2 ,,,, 6 ,,,, 3 ,,,, 9 ,,,, 3 3 . 3 ,,,, 0 ,,,, 0 ,,,, - ,,,, 0 ,,,, 1 ,,,, 0 . 0 ,,,, 2 ,,,, 4 ,,,, 6 ,,,, 3 ,,,, 0 ,,,, 1 ,,,, 1 ,,,, 1 ,,,, 1 1
,,,, M i c h a e l , , F r a z i e r ,,,, H O U ,,,, 0 8 / 1 4 / 2 0 2 0 ,,,, H O U , , v s . , , P H I ,,,, L ,,,, 1 7 ,,,, 0 ,,,, 0 ,,,, 4 ,,,, 0 . 0 ,,,, 0 ,,,, 4 ,,,, 0 . 0 ,,,, 0 ,,,, 0 ,,,, - ,,,, 0 ,,,, 1 ,,,, 1 ,,,, 0 ,,,, 0 ,,,, 0 ,,,, 1 ,,,, 1 ,,,, - 2 3
,,,, C h r i s , , S i l v a ,,,, M I A ,,,, 0 8 / 1 4 / 2 0 2 0 ,,,, M I A , , @ , , I N D ,,,, L ,,,, 2 4 ,,,, 5 ,,,, 2 ,,,, 4 ,,,, 5 0 . 0 ,,,, 0 ,,,, 0 ,,,, - ,,,, 1 ,,,, 4 ,,,, 2 5 . 0 ,,,, 4 ,,,, 7 ,,,, 1 1 ,,,, 1 ,,,, 0 ,,,, 3 ,,,, 1 ,,,, 3 ,,,, - 1 2
,,,, G o g a , , B i t a d z e ,,,, I N D ,,,, 0 8 / 1 4 / 2 0 2 0 ,,,, I N D , , v s . , , M I A ,,,, W ,,,, 1 6 ,,,, 4 ,,,, 2 ,,,, 5 ,,,, 4 0 . 0 ,,,, 0 ,,,, 2 ,,,, 0 . 0 ,,,, 0 ,,,, 0 ,,,, - ,,,, 1 ,,,, 2 ,,,, 3 ,,,, 2 ,,,, 1 ,,,, 2 ,,,, 2 ,,,, 3 ,,,, 9
,,,, D e v o n , , H a l l ,,,, O K C ,,,, 0 8 / 1 4 / 2 0 2 0 ,,,, O K C , , @ , , L A C ,,,, L ,,,, 2 4 ,,,, 1 2 ,,,, 4 ,,,, 1 2 ,,,, 3 3 . 3 ,,,, 3 ,,,, 6 ,,,, 5 0 . 0 ,,,, 1 ,,,, 4 ,,,, 2 5 . 0 ,,,, 1 ,,,, 0 ,,,, 1 ,,,, 4 ,,,, 3 ,,,, 0 ,,,, 1 ,,,, 2 ,,,, - 1
,,,, T r o y , , D a n i e l s ,,,, D E N ,,,, 0 8 / 1 4 / 2 0 2 0 ,,,, D E N , , @ , , T O R ,,,, L ,,,, 2 8 ,,,, 1 0 ,,,, 4 ,,,, 1 1 ,,,, 3 6 . 4 ,,,, 2 ,,,, 8 ,,,, 2 5 . 0 ,,,, 0 ,,,, 0 ,,,, - ,,,, 0 ,,,, 3 ,,,, 3 ,,,, 1 ,,,, 1 ,,,, 0 ,,,, 3 ,,,, 3 ,,,, - 2
,,,, M o n t e , , M o r r i s ,,,, D E N ,,,, 0 8 / 1 4 / 2 0 2 0 ,,,, D E N , , @ , , T O R ,,,, L ,,,, 3 0 ,,,, 1 6 ,,,, 4 ,,,, 1 4 ,,,, 2 8 . 6 ,,,, 2 ,,,, 7 ,,,, 2 8 . 6 ,,,, 6 ,,,, 6 ,,,, 1 0 0 . 0 ,,,, 0 ,,,, 6 ,,,, 6 ,,,, 4 ,,,, 0 ,,,, 1 ,,,, 2 ,,,, 0 ,,,, - 7
,,,, B o l , , B o l ,,,, D E N ,,,, 0 8 / 1 4 / 2 0 2 0 ,,,, D E N , , @ , , T O R ,,,, L ,,,, 1 5 ,,,, 8 ,,,, 2 ,,,, 6 ,,,, 3 3 . 3 ,,,, 0 ,,,, 1 ,,,, 0 . 0 ,,,, 4 ,,,, 5 ,,,, 8 0 . 0 ,,,, 1 ,,,, 3 ,,,, 4 ,,,, 2 ,,,, 0 ,,,, 3 ,,,, 2 ,,,, 2 ,,,, 1
,,,, A u s t i n , , R i v e r s ,,,, H O U ,,,, 0 8 / 1 4 / 2 0 2 0 ,,,, H O U , , v s . , , P H I ,,,, L ,,,, 1 2 ,,,, 1 ,,,, 0 ,,,, 2 ,,,, 0 . 0 ,,,, 0 ,,,, 2 ,,,, 0 . 0 ,,,, 1 ,,,, 2 ,,,, 5 0 . 0 ,,,, 0 ,,,, 1 ,,,, 1 ,,,, 0 ,,,, 1 ,,,, 0 ,,,, 1 ,,,, 0 ,,,, - 1 6
,,,, S t e v e n , , A d a m s ,,,, O K C ,,,, 0 8 / 1 4 / 2 0 2 0 ,,,, O K C , , @ , , L A C ,,,, L ,,,, 6 ,,,, 0 ,,,, 0 ,,,, 2 ,,,, 0 . 0 ,,,, 0 ,,,, 0 ,,,, - ,,,, 0 ,,,, 0 ,,,, - ,,,, 2 ,,,, 2 ,,,, 4 ,,,, 0 ,,,, 0 ,,,, 0 ,,,, 1 ,,,, 0 ,,,, 2
,,,, N a z , , M i t r o u - L o n g ,,,, I N D ,,,, 0 8 / 1 4 / 2 0 2 0 ,,,, I N D , , v s . , , M I A ,,,, W ,,,, 2 ,,,, 0 ,,,, 0 ,,,, 0 ,,,, - ,,,, 0 ,,,, 0 ,,,, - ,,,, 0 ,,,, 0 ,,,, - ,,,, 0 ,,,, 0 ,,,, 0 ,,,, 1 ,,,, 0 ,,,, 0 ,,,, 1 ,,,, 1 ,,,, 0
,,,, S o l o m o n , , H i l l ,,,, M I A ,,,, 0 8 / 1 4 / 2 0 2 0 ,,,, M I A , , @ , , I N D ,,,, L ,,,, 4 1 ,,,, 2 1 ,,,, 5 ,,,, 1 3 ,,,, 3 8 . 5 ,,,, 1 ,,,, 4 ,,,, 2 5 . 0 ,,,, 1 0 ,,,, 1 2 ,,,, 8 3 . 3 ,,,, 2 ,,,, 5 ,,,, 7 ,,,, 3 ,,,, 1 ,,,, 0 ,,,, 3 ,,,, 2 ,,,, - 8
,,,, M a r c , , G a s o l ,,,, T O R ,,,, 0 8 / 1 4 / 2 0 2 0 ,,,, T O R , , v s . , , D E N ,,,, W ,,,, 1 7 ,,,, 2 ,,,, 1 ,,,, 3 ,,,, 3 3 . 3 ,,,, 0 ,,,, 1 ,,,, 0 . 0 ,,,, 0 ,,,, 0 ,,,, - ,,,, 0 ,,,, 3 ,,,, 3 ,,,, 5 ,,,, 1 ,,,, 1 ,,,, 2 ,,,, 2 ,,,, - 2
,,,, A a r o n , , H o l i d a y ,,,, I N D ,,,, 0 8 / 1 4 / 2 0 2 0 ,,,, I N D , , v s . , , M I A ,,,, W ,,,, 1 7 ,,,, 1 1 ,,,, 5 ,,,, 7 ,,,, 7 1 . 4 ,,,, 1 ,,,, 3 ,,,, 3 3 . 3 ,,,, 0 ,,,, 0 ,,,, - ,,,, 0 ,,,, 2 ,,,, 2 ,,,, 2 ,,,, 3 ,,,, 0 ,,,, 2 ,,,, 2 ,,,, 2
,,,, K y l e , , O ' Q u i n n ,,,, P H I ,,,, 0 8 / 1 4 / 2 0 2 0 ,,,, P H I , , @ , , H O U ,,,, W ,,,, 1 7 ,,,, 6 ,,,, 3 ,,,, 5 ,,,, 6 0 . 0 ,,,, 0 ,,,, 2 ,,,, 0 . 0 ,,,, 0 ,,,, 0 ,,,, - ,,,, 1 ,,,, 5 ,,,, 6 ,,,, 5 ,,,, 0 ,,,, 1 ,,,, 1 ,,,, 1 ,,,, 2 3
,,,, N e r l e n s , , N o e l ,,,, O K C ,,,, 0 8 / 1 4 / 2 0 2 0 ,,,, O K C , , @ , , L A C ,,,, L ,,,, 1 5 ,,,, 5 ,,,, 2 ,,,, 2 ,,,, 1 0 0 . 0 ,,,, 0 ,,,, 0 ,,,, - ,,,, 1 ,,,, 2 ,,,, 5 0 . 0 ,,,, 0 ,,,, 1 ,,,, 1 ,,,, 0 ,,,, 0 ,,,, 1 ,,,, 2 ,,,, 3 ,,,, - 1
,,,, D e M a r r e , , C a r r o l l ,,,, H O U ,,,, 0 8 / 1 4 / 2 0 2 0 ,,,, H O U , , v s . , , P H I ,,,, L ,,,, 2 5 ,,,, 5 ,,,, 2 ,,,, 5 ,,,, 4 0 . 0 ,,,, 1 ,,,, 3 ,,,, 3 3 . 3 ,,,, 0 ,,,, 0 ,,,, - ,,,, 0 ,,,, 4 ,,,, 4 ,,,, 1 ,,,, 1 ,,,, 0 ,,,, 1 ,,,, 2 ,,,, - 2 9
,,,, J e r a m i , , G r a n t ,,,, D E N ,,,, 0 8 / 1 4 / 2 0 2 0 ,,,, D E N , , @ , , T O R ,,,, L ,,,, 1 8 ,,,, 2 ,,,, 1 ,,,, 6 ,,,, 1 6 . 7 ,,,, 0 ,,,, 3 ,,,, 0 . 0 ,,,, 0 ,,,, 0 ,,,, - ,,,, 1 ,,,, 1 ,,,, 2 ,,,, 1 ,,,, 0 ,,,, 0 ,,,, 0 ,,,, 0 ,,,, 2
,,,, N i k o l a , , J o k i c ,,,, D E N ,,,, 0 8 / 1 4 / 2 0 2 0 ,,,, D E N , , @ , , T O R ,,,, L ,,,, 1 0 ,,,, 2 ,,,, 1 ,,,, 1 ,,,, 1 0 0 . 0 ,,,, 0 ,,,, 0 ,,,, - ,,,, 0 ,,,, 0 ,,,, - ,,,, 0 ,,,, 1 ,,,, 1 ,,,, 2 ,,,, 0 ,,,, 0 ,,,, 1 ,,,, 0 ,,,, - 6
,,,, B r i a n , , B o w e n , , I I ,,,, I N D ,,,, 0 8 / 1 4 / 2 0 2 0 ,,,, I N D , , v s . , , M I A ,,,, W ,,,, 2 ,,,, 2 ,,,, 1 ,,,, 1 ,,,, 1 0 0 . 0 ,,,, 0 ,,,, 0 ,,,, - ,,,, 0 ,,,, 0 ,,,, - ,,,, 0 ,,,, 0 ,,,, 0 ,,,, 0 ,,,, 0 ,,,, 0 ,,,, 0 ,,,, 1 ,,,, 0
,,,, D e w a n , , H e r n a n d e z ,,,, T O R ,,,, 0 8 / 1 4 / 2 0 2 0 ,,,, T O R , , v s . , , D E N ,,,, W ,,,, 1 3 ,,,, 4 ,,,, 2 ,,,, 6 ,,,, 3 3 . 3 ,,,, 0 ,,,, 0 ,,,, - ,,,, 0 ,,,, 0 ,,,, - ,,,, 3 ,,,, 4 ,,,, 7 ,,,, 1 ,,,, 0 ,,,, 0 ,,,, 1 ,,,, 0 ,,,, 0
,,,, M i k e , , S c o t t ,,,, P H I ,,,, 0 8 / 1 4 / 2 0 2 0 ,,,, P H I , , @ , , H O U ,,,, W ,,,, 2 0 ,,,, 1 0 ,,,, 3 ,,,, 4 ,,,, 7 5 . 0 ,,,, 1 ,,,, 2 ,,,, 5 0 . 0 ,,,, 3 ,,,, 4 ,,,, 7 5 . 0 ,,,, 1 ,,,, 6 ,,,, 7 ,,,, 3 ,,,, 0 ,,,, 0 ,,,, 0 ,,,, 0 ,,,, 3 7
,,,, M e y e r s , , L e o n a r d ,,,, M I A ,,,, 0 8 / 1 4 / 2 0 2 0 ,,,, M I A , , @ , , I N D ,,,, L ,,,, 2 9 ,,,, 9 ,,,, 3 ,,,, 7 ,,,, 4 2 . 9 ,,,, 2 ,,,, 5 ,,,, 4 0 . 0 ,,,, 1 ,,,, 2 ,,,, 5 0 . 0 ,,,, 2 ,,,, 5 ,,,, 7 ,,,, 0 ,,,, 0 ,,,, 0 ,,,, 3 ,,,, 0 ,,,, - 1 0
,,,, F u r k a n , , K o r k m a z ,,,, P H I ,,,, 0 8 / 1 4 / 2 0 2 0 ,,,, P H I , , @ , , H O U ,,,, W ,,,, 1 7 ,,,, 1 2 ,,,, 4 ,,,, 7 ,,,, 5 7 . 1 ,,,, 2 ,,,, 5 ,,,, 4 0 . 0 ,,,, 2 ,,,, 2 ,,,, 1 0 0 . 0 ,,,, 0 ,,,, 5 ,,,, 5 ,,,, 1 ,,,, 0 ,,,, 0 ,,,, 2 ,,,, 1 ,,,, 2 7
,,,, T e r a n c e , , M a n n ,,,, L A C ,,,, 0 8 / 1 4 / 2 0 2 0 ,,,, L A C , , v s . , , O K C ,,,, W ,,,, 4 2 ,,,, 2 5 ,,,, 8 ,,,, 1 2 ,,,, 6 6 . 7 ,,,, 1 ,,,, 3 ,,,, 3 3 . 3 ,,,, 8 ,,,, 1 3 ,,,, 6 1 . 5 ,,,, 4 ,,,, 1 0 ,,,, 1 4 ,,,, 9 ,,,, 2 ,,,, 0 ,,,, 3 ,,,, 5 ,,,, - 7
,,,, J a K a r r , , S a m p s o n ,,,, I N D ,,,, 0 8 / 1 4 / 2 0 2 0 ,,,, I N D , , v s . , , M I A ,,,, W ,,,, 2 3 ,,,, 1 0 ,,,, 5 ,,,, 9 ,,,, 5 5 . 6 ,,,, 0 ,,,, 0 ,,,, - ,,,, 0 ,,,, 0 ,,,, - ,,,, 1 ,,,, 3 ,,,, 4 ,,,, 2 ,,,, 2 ,,,, 0 ,,,, 2 ,,,, 1 ,,,, 5
,,,, D u n c a n , , R o b i n s o n ,,,, M I A ,,,, 0 8 / 1 4 / 2 0 2 0 ,,,, M I A , , @ , , I N D ,,,, L ,,,, 1 3 ,,,, 0 ,,,, 0 ,,,, 3 ,,,, 0 . 0 ,,,, 0 ,,,, 3 ,,,, 0 . 0 ,,,, 0 ,,,, 0 ,,,, - ,,,, 0 ,,,, 2 ,,,, 2 ,,,, 1 ,,,, 0 ,,,, 0 ,,,, 2 ,,,, 1 ,,,, - 5
,,,, H a m i d o u , , D i a l l o ,,,, O K C ,,,, 0 8 / 1 4 / 2 0 2 0 ,,,, O K C , , @ , , L A C ,,,, L ,,,, 4 0 ,,,, 2 7 ,,,, 1 0 ,,,, 2 2 ,,,, 4 5 . 5 ,,,, 4 ,,,, 8 ,,,, 5 0 . 0 ,,,, 3 ,,,, 5 ,,,, 6 0 . 0 ,,,, 4 ,,,, 7 ,,,, 1 1 ,,,, 1 ,,,, 0 ,,,, 1 ,,,, 2 ,,,, 5 ,,,, - 4
,,,, K e n d r i c k , , N u n n ,,,, M I A ,,,, 0 8 / 1 4 / 2 0 2 0 ,,,, M I A , , @ , , I N D ,,,, L ,,,, 3 3 ,,,, 2 3 ,,,, 8 ,,,, 2 7 ,,,, 2 9 . 6 ,,,, 1 ,,,, 9 ,,,, 1 1 . 1 ,,,, 6 ,,,, 6 ,,,, 1 0 0 . 0 ,,,, 1 ,,,, 1 ,,,, 2 ,,,, 4 ,,,, 3 ,,,, 1 ,,,, 5 ,,,, 1 ,,,, - 2 1
,,,, K e i t a , , B a t e s - D i o p ,,,, D E N ,,,, 0 8 / 1 4 / 2 0 2 0 ,,,, D E N , , @ , , T O R ,,,, L ,,,, 2 4 ,,,, 1 1 ,,,, 3 ,,,, 1 1 ,,,, 2 7 . 3 ,,,, 1 ,,,, 4 ,,,, 2 5 . 0 ,,,, 4 ,,,, 4 ,,,, 1 0 0 . 0 ,,,, 2 ,,,, 4 ,,,, 6 ,,,, 0 ,,,, 1 ,,,, 2 ,,,, 2 ,,,, 3 ,,,, - 1
,,,, P a u l , , W a t s o n ,,,, T O R ,,,, 0 8 / 1 4 / 2 0 2 0 ,,,, T O R , , v s . , , D E N ,,,, W ,,,, 2 7 ,,,, 2 2 ,,,, 8 ,,,, 1 3 ,,,, 6 1 . 5 ,,,, 4 ,,,, 6 ,,,, 6 6 . 7 ,,,, 2 ,,,, 3 ,,,, 6 6 . 7 ,,,, 0 ,,,, 6 ,,,, 6 ,,,, 2 ,,,, 1 ,,,, 0 ,,,, 1 ,,,, 2 ,,,, 8
,,,, D o u g , , M c D e r m o t t ,,,, I N D ,,,, 0 8 / 1 4 / 2 0 2 0 ,,,, I N D , , v s . , , M I A ,,,, W ,,,, 2 2 ,,,, 2 3 ,,,, 8 ,,,, 1 6 ,,,, 5 0 . 0 ,,,, 5 ,,,, 1 1 ,,,, 4 5 . 5 ,,,, 2 ,,,, 3 ,,,, 6 6 . 7 ,,,, 1 ,,,, 3 ,,,, 4 ,,,, 0 ,,,, 1 ,,,, 0 ,,,, 0 ,,,, 2 ,,,, 1 0
,,,, S h a k e , , M i l t o n ,,,, P H I ,,,, 0 8 / 1 4 / 2 0 2 0 ,,,, P H I , , @ , , H O U ,,,, W ,,,, 1 9 ,,,, 1 1 ,,,, 4 ,,,, 7 ,,,, 5 7 . 1 ,,,, 3 ,,,, 6 ,,,, 5 0 . 0 ,,,, 0 ,,,, 0 ,,,, - ,,,, 0 ,,,, 2 ,,,, 2 ,,,, 1 ,,,, 0 ,,,, 0 ,,,, 2 ,,,, 3 ,,,, - 5
,,,, K e v i n , , H e r v e y ,,,, O K C ,,,, 0 8 / 1 4 / 2 0 2 0 ,,,, O K C , , @ , , L A C ,,,, L ,,,, 1 1 ,,,, 5 ,,,, 2 ,,,, 6 ,,,, 3 3 . 3 ,,,, 1 ,,,, 5 ,,,, 2 0 . 0 ,,,, 0 ,,,, 0 ,,,, - ,,,, 1 ,,,, 3 ,,,, 4 ,,,, 1 ,,,, 0 ,,,, 0 ,,,, 0 ,,,, 2 ,,,, - 1 0
,,,, D a n i l o , , G a l l i n a r i ,,,, O K C ,,,, 0 8 / 1 4 / 2 0 2 0 ,,,, O K C , , @ , , L A C ,,,, L ,,,, 9 ,,,, 3 ,,,, 0 ,,,, 3 ,,,, 0 . 0 ,,,, 0 ,,,, 1 ,,,, 0 . 0 ,,,, 3 ,,,, 3 ,,,, 1 0 0 . 0 ,,,, 0 ,,,, 1 ,,,, 1 ,,,, 0 ,,,, 0 ,,,, 0 ,,,, 0 ,,,, 2 ,,,, 0
,,,, J o a k i m , , N o a h ,,,, L A C ,,,, 0 8 / 1 4 / 2 0 2 0 ,,,, L A C , , v s . , , O K C ,,,, W ,,,, 2 9 ,,,, 9 ,,,, 4 ,,,, 7 ,,,, 5 7 . 1 ,,,, 0 ,,,, 0 ,,,, - ,,,, 1 ,,,, 2 ,,,, 5 0 . 0 ,,,, 1 ,,,, 5 ,,,, 6 ,,,, 5 ,,,, 1 ,,,, 0 ,,,, 4 ,,,, 1 ,,,, 8
,,,, D e n n i s , , S c h r o d e r ,,,, O K C ,,,, 0 8 / 1 4 / 2 0 2 0 ,,,, O K C , , @ , , L A C ,,,, L ,,,, 2 5 ,,,, 1 7 ,,,, 6 ,,,, 1 2 ,,,, 5 0 . 0 ,,,, 3 ,,,, 3 ,,,, 1 0 0 . 0 ,,,, 2 ,,,, 2 ,,,, 1 0 0 . 0 ,,,, 0 ,,,, 1 ,,,, 1 ,,,, 4 ,,,, 1 ,,,, 0 ,,,, 2 ,,,, 4 ,,,, - 1 0
,,,, I s h , , S m i t h ,,,, W A S ,,,, 0 8 / 1 3 / 2 0 2 0 ,,,, W A S , , @ , , B O S ,,,, W ,,,, 3 1 ,,,, 1 1 ,,,, 5 ,,,, 1 3 ,,,, 3 8 . 5 ,,,, 0 ,,,, 0 ,,,, - ,,,, 1 ,,,, 2 ,,,, 5 0 . 0 ,,,, 0 ,,,, 3 ,,,, 3 ,,,, 8 ,,,, 1 ,,,, 2 ,,,, 5 ,,,, 1 ,,,, 8
,,,, F r a n k , , M a s o n ,,,, M I L ,,,, 0 8 / 1 3 / 2 0 2 0 ,,,, M I L , , @ , , M E M ,,,, L ,,,, 2 6 ,,,, 1 8 ,,,, 7 ,,,, 1 3 ,,,, 5 3 . 8 ,,,, 3 ,,,, 6 ,,,, 5 0 . 0 ,,,, 1 ,,,, 2 ,,,, 5 0 . 0 ,,,, 2 ,,,, 2 ,,,, 4 ,,,, 8 ,,,, 1 ,,,, 1 ,,,, 1 ,,,, 2 ,,,, 5
,,,, R o y c e , , O ' N e a l e ,,,, U T A ,,,, 0 8 / 1 3 / 2 0 2 0 ,,,, U T A , , v s . , , S A S ,,,, W ,,,, 1 1 ,,,, 2 ,,,, 1 ,,,, 4 ,,,, 2 5 . 0 ,,,, 0 ,,,, 2 ,,,, 0 . 0 ,,,, 0 ,,,, 0 ,,,, - ,,,, 0 ,,,, 1 ,,,, 1 ,,,, 0 ,,,, 0 ,,,, 2 ,,,, 0 ,,,, 1 ,,,, 1
,,,, B r a n d o n , , C l a r k e ,,,, M E M ,,,, 0 8 / 1 3 / 2 0 2 0 ,,,, M E M , , v s . , , M I L ,,,, W ,,,, 2 8 ,,,, 1 0 ,,,, 4 ,,,, 9 ,,,, 4 4 . 4 ,,,, 0 ,,,, 2 ,,,, 0 . 0 ,,,, 2 ,,,, 4 ,,,, 5 0 . 0 ,,,, 0 ,,,, 7 ,,,, 7 ,,,, 1 ,,,, 1 ,,,, 1 ,,,, 2 ,,,, 3 ,,,, - 1
,,,, J e v o n , , C a r t e r ,,,, P H X ,,,, 0 8 / 1 3 / 2 0 2 0 ,,,, P H X , , v s . , , D A L ,,,, W ,,,, 2 6 ,,,, 9 ,,,, 3 ,,,, 7 ,,,, 4 2 . 9 ,,,, 3 ,,,, 5 ,,,, 6 0 . 0 ,,,, 0 ,,,, 0 ,,,, - ,,,, 0 ,,,, 2 ,,,, 2 ,,,, 1 ,,,, 1 ,,,, 1 ,,,, 0 ,,,, 1 ,,,, 5
,,,, D . J . , , A u g u s t i n ,,,, O R L ,,,, 0 8 / 1 3 / 2 0 2 0 ,,,, O R L , , v s . , , N O P ,,,, W ,,,, 2 2 ,,,, 2 2 ,,,, 7 ,,,, 1 0 ,,,, 7 0 . 0 ,,,, 1 ,,,, 3 ,,,, 3 3 . 3 ,,,, 7 ,,,, 7 ,,,, 1 0 0 . 0 ,,,, 1 ,,,, 3 ,,,, 4 ,,,, 6 ,,,, 0 ,,,, 0 ,,,, 2 ,,,, 5 ,,,, - 5
,,,, L e B r o n , , J a m e s ,,,, L A L ,,,, 0 8 / 1 3 / 2 0 2 0 ,,,, L A L , , v s . , , S A C ,,,, L ,,,, 1 5 ,,,, 1 7 ,,,, 6 ,,,, 1 3 ,,,, 4 6 . 2 ,,,, 2 ,,,, 5 ,,,, 4 0 . 0 ,,,, 3 ,,,, 3 ,,,, 1 0 0 . 0 ,,,, 1 ,,,, 2 ,,,, 3 ,,,, 4 ,,,, 0 ,,,, 0 ,,,, 3 ,,,, 0 ,,,, - 1 3
,,,, V i c , , L a w ,,,, O R L ,,,, 0 8 / 1 3 / 2 0 2 0 ,,,, O R L , , v s . , , N O P ,,,, W ,,,, 2 1 ,,,, 1 0 ,,,, 4 ,,,, 8 ,,,, 5 0 . 0 ,,,, 1 ,,,, 3 ,,,, 3 3 . 3 ,,,, 1 ,,,, 2 ,,,, 5 0 . 0 ,,,, 0 ,,,, 4 ,,,, 4 ,,,, 1 ,,,, 0 ,,,, 0 ,,,, 1 ,,,, 3 ,,,, - 9
,,,, G e o r g e s , , N i a n g ,,,, U T A ,,,, 0 8 / 1 3 / 2 0 2 0 ,,,, U T A , , v s . , , S A S ,,,, W ,,,, 2 2 ,,,, 1 3 ,,,, 5 ,,,, 1 0 ,,,, 5 0 . 0 ,,,, 3 ,,,, 8 ,,,, 3 7 . 5 ,,,, 0 ,,,, 0 ,,,, - ,,,, 1 ,,,, 4 ,,,, 5 ,,,, 2 ,,,, 0 ,,,, 0 ,,,, 1 ,,,, 1 ,,,, 1 3
,,,, C a m e r o n , , P a y n e ,,,, P H X ,,,, 0 8 / 1 3 / 2 0 2 0 ,,,, P H X , , v s . , , D A L ,,,, W ,,,, 2 9 ,,,, 1 5 ,,,, 5 ,,,, 8 ,,,, 6 2 . 5 ,,,, 3 ,,,, 5 ,,,, 6 0 . 0 ,,,, 2 ,,,, 3 ,,,, 6 6 . 7 ,,,, 1 ,,,, 4 ,,,, 5 ,,,, 2 ,,,, 0 ,,,, 0 ,,,, 1 ,,,, 2 ,,,, 2 0
,,,, N i c o l o , , M e l l i ,,,, N O P ,,,, 0 8 / 1 3 / 2 0 2 0 ,,,, N O P , , @ , , O R L ,,,, L ,,,, 2 5 ,,,, 6 ,,,, 2 ,,,, 6 ,,,, 3 3 . 3 ,,,, 1 ,,,, 5 ,,,, 2 0 . 0 ,,,, 1 ,,,, 1 ,,,, 1 0 0 . 0 ,,,, 0 ,,,, 5 ,,,, 5 ,,,, 1 ,,,, 0 ,,,, 0 ,,,, 0 ,,,, 1 ,,,, - 1 1
,,,, G o r g u i , , D i e n g ,,,, M E M ,,,, 0 8 / 1 3 / 2 0 2 0 ,,,, M E M , , v s . , , M I L ,,,, W ,,,, 1 5 ,,,, 7 ,,,, 1 ,,,, 6 ,,,, 1 6 . 7 ,,,, 1 ,,,, 3 ,,,, 3 3 . 3 ,,,, 4 ,,,, 4 ,,,, 1 0 0 . 0 ,,,, 1 ,,,, 3 ,,,, 4 ,,,, 1 ,,,, 0 ,,,, 0 ,,,, 1 ,,,, 1 ,,,, - 5
,,,, Z y l a n , , C h e a t h a m ,,,, N O P ,,,, 0 8 / 1 3 / 2 0 2 0 ,,,, N O P , , @ , , O R L ,,,, L ,,,, 2 0 ,,,, 8 ,,,, 4 ,,,, 4 ,,,, 1 0 0 . 0 ,,,, 0 ,,,, 0 ,,,, - ,,,, 0 ,,,, 0 ,,,, - ,,,, 2 ,,,, 1 ,,,, 3 ,,,, 1 ,,,, 1 ,,,, 0 ,,,, 1 ,,,, 5 ,,,, 2
,,,, J o s h , , R e a v e s ,,,, D A L ,,,, 0 8 / 1 3 / 2 0 2 0 ,,,, D A L , , @ , , P H X ,,,, L ,,,, 1 3 ,,,, 4 ,,,, 1 ,,,, 4 ,,,, 2 5 . 0 ,,,, 0 ,,,, 1 ,,,, 0 . 0 ,,,, 2 ,,,, 2 ,,,, 1 0 0 . 0 ,,,, 1 ,,,, 1 ,,,, 2 ,,,, 0 ,,,, 0 ,,,, 0 ,,,, 0 ,,,, 3 ,,,, 1
,,,, J R , , S m i t h ,,,, L A L ,,,, 0 8 / 1 3 / 2 0 2 0 ,,,, L A L , , v s . , , S A C ,,,, L ,,,, 2 5 ,,,, 1 1 ,,,, 5 ,,,, 1 0 ,,,, 5 0 . 0 ,,,, 1 ,,,, 3 ,,,, 3 3 . 3 ,,,, 0 ,,,, 0 ,,,, - ,,,, 0 ,,,, 1 ,,,, 1 ,,,, 2 ,,,, 0 ,,,, 0 ,,,, 1 ,,,, 2 ,,,, - 1 5
,,,, J o r d a n , , C l a r k s o n ,,,, U T A ,,,, 0 8 / 1 3 / 2 0 2 0 ,,,, U T A , , v s . , , S A S ,,,, W ,,,, 1 4 ,,,, 1 1 ,,,, 4 ,,,, 1 2 ,,,, 3 3 . 3 ,,,, 3 ,,,, 9 ,,,, 3 3 . 3 ,,,, 0 ,,,, 0 ,,,, - ,,,, 0 ,,,, 2 ,,,, 2 ,,,, 1 ,,,, 0 ,,,, 0 ,,,, 2 ,,,, 1 ,,,, 1 2
,,,, J a h l i l , , O k a f o r ,,,, N O P ,,,, 0 8 / 1 3 / 2 0 2 0 ,,,, N O P , , @ , , O R L ,,,, L ,,,, 1 7 ,,,, 8 ,,,, 4 ,,,, 7 ,,,, 5 7 . 1 ,,,, 0 ,,,, 1 ,,,, 0 . 0 ,,,, 0 ,,,, 0 ,,,, - ,,,, 1 ,,,, 3 ,,,, 4 ,,,, 0 ,,,, 0 ,,,, 1 ,,,, 1 ,,,, 2 ,,,, 7
,,,, J o h n a t h a n , , W i l l i a m s ,,,, W A S ,,,, 0 8 / 1 3 / 2 0 2 0 ,,,, W A S , , @ , , B O S ,,,, W ,,,, 2 5 ,,,, 5 ,,,, 2 ,,,, 7 ,,,, 2 8 . 6 ,,,, 0 ,,,, 0 ,,,, - ,,,, 1 ,,,, 2 ,,,, 5 0 . 0 ,,,, 7 ,,,, 9 ,,,, 1 6 ,,,, 1 ,,,, 0 ,,,, 1 ,,,, 1 ,,,, 2 ,,,, - 2
,,,, G a r y , , T r e n t , , J r . ,,,, P O R ,,,, 0 8 / 1 3 / 2 0 2 0 ,,,, P O R , , @ , , B K N ,,,, W ,,,, 3 7 ,,,, 1 6 ,,,, 6 ,,,, 1 3 ,,,, 4 6 . 2 ,,,, 4 ,,,, 1 0 ,,,, 4 0 . 0 ,,,, 0 ,,,, 0 ,,,, - ,,,, 0 ,,,, 1 ,,,, 1 ,,,, 1 ,,,, 2 ,,,, 1 ,,,, 1 ,,,, 5 ,,,, - 6
,,,, M a x i , , K l e b e r ,,,, D A L ,,,, 0 8 / 1 3 / 2 0 2 0 ,,,, D A L , , @ , , P H X ,,,, L ,,,, 1 1 ,,,, 3 ,,,, 1 ,,,, 2 ,,,, 5 0 . 0 ,,,, 1 ,,,, 2 ,,,, 5 0 . 0 ,,,, 0 ,,,, 0 ,,,, - ,,,, 1 ,,,, 0 ,,,, 1 ,,,, 0 ,,,, 0 ,,,, 1 ,,,, 0 ,,,, 1 ,,,, - 1 8
,,,, M i k a l , , B r i d g e s ,,,, P H X ,,,, 0 8 / 1 3 / 2 0 2 0 ,,,, P H X , , v s . , , D A L ,,,, W ,,,, 2 8 ,,,, 1 4 ,,,, 6 ,,,, 1 0 ,,,, 6 0 . 0 ,,,, 2 ,,,, 4 ,,,, 5 0 . 0 ,,,, 0 ,,,, 0 ,,,, - ,,,, 0 ,,,, 4 ,,,, 4 ,,,, 3 ,,,, 0 ,,,, 1 ,,,, 1 ,,,, 2 ,,,, 2 6
,,,, D e ' A n t h o n y , , M e l t o n ,,,, M E M ,,,, 0 8 / 1 3 / 2 0 2 0 ,,,, M E M , , v s . , , M I L ,,,, W ,,,, 2 0 ,,,, 5 ,,,, 2 ,,,, 6 ,,,, 3 3 . 3 ,,,, 0 ,,,, 3 ,,,, 0 . 0 ,,,, 1 ,,,, 2 ,,,, 5 0 . 0 ,,,, 0 ,,,, 2 ,,,, 2 ,,,, 2 ,,,, 0 ,,,, 0 ,,,, 0 ,,,, 1 ,,,, - 1 2
,,,, R o d i o n s , , K u r u c s ,,,, B K N ,,,, 0 8 / 1 3 / 2 0 2 0 ,,,, B K N , , v s . , , P O R ,,,, L ,,,, 2 3 ,,,, 8 ,,,, 3 ,,,, 5 ,,,, 6 0 . 0 ,,,, 1 ,,,, 2 ,,,, 5 0 . 0 ,,,, 1 ,,,, 2 ,,,, 5 0 . 0 ,,,, 1 ,,,, 4 ,,,, 5 ,,,, 2 ,,,, 0 ,,,, 1 ,,,, 1 ,,,, 4 ,,,, 4
,,,, N i k o l a , , V u c e v i c ,,,, O R L ,,,, 0 8 / 1 3 / 2 0 2 0 ,,,, O R L , , v s . , , N O P ,,,, W ,,,, 2 6 ,,,, 2 3 ,,,, 1 0 ,,,, 1 1 ,,,, 9 0 . 9 ,,,, 3 ,,,, 4 ,,,, 7 5 . 0 ,,,, 0 ,,,, 0 ,,,, - ,,,, 0 ,,,, 6 ,,,, 6 ,,,, 3 ,,,, 1 ,,,, 0 ,,,, 0 ,,,, 0 ,,,, 1 8
,,,, N i g e l , , W i l l i a m s - G o s s ,,,, U T A ,,,, 0 8 / 1 3 / 2 0 2 0 ,,,, U T A , , v s . , , S A S ,,,, W ,,,, 2 2 ,,,, 1 0 ,,,, 4 ,,,, 9 ,,,, 4 4 . 4 ,,,, 2 ,,,, 5 ,,,, 4 0 . 0 ,,,, 0 ,,,, 0 ,,,, - ,,,, 0 ,,,, 1 ,,,, 1 ,,,, 1 ,,,, 2 ,,,, 0 ,,,, 1 ,,,, 4 ,,,, - 4
,,,, T r e y , , B u r k e ,,,, D A L ,,,, 0 8 / 1 3 / 2 0 2 0 ,,,, D A L , , @ , , P H X ,,,, L ,,,, 1 9 ,,,, 7 ,,,, 3 ,,,, 8 ,,,, 3 7 . 5 ,,,, 1 ,,,, 3 ,,,, 3 3 . 3 ,,,, 0 ,,,, 0 ,,,, - ,,,, 0 ,,,, 1 ,,,, 1 ,,,, 3 ,,,, 1 ,,,, 0 ,,,, 1 ,,,, 0 ,,,, - 8
